0.000000,-0.000654,-0.000654,-0.000654,1.353110,1.353110,1.353110,1.597295,1.597295,1.597295,1.690948,1.690948,1.690948,1.845101,2.040183,2.040183,2.528547,2.528547,2.528547,2.551749,2.551749,2.609400,2.889476,2.889476,2.889476,3.086515,3.086515,3.086515,3.206134,3.206134,3.206134,3.723747,3.723747,3.726269,3.726269,3.726269,4.020471,4.020471,4.020471,4.309534,4.976662,5.237933,5.237933,5.237933,5.604552,5.604552,5.604552,6.489990,6.489990,6.489990,6.918761,6.918761,6.918761,7.438763,7.438763,8.318199,8.556314,8.556314,8.556314,9.456191,9.456191,9.456191,10.040471,10.040471,10.192928,10.945084,10.945084,10.945084,11.113015,11.113015,11.334852,11.334852,11.334852,13.513399,13.513399,13.513399,14.127500,14.127500,14.127500,14.459867,14.459867,15.008219,15.008219,15.008219,16.025456,16.025456,16.025456,16.640697,16.948371,16.948371,16.948371,17.959513,17.959513,17.959513,18.395221,18.395221,22.075442,23.402865,23.402865,23.402865
0.004845,0.067944,0.139633,0.168022,1.361679,1.338471,1.352929,1.596853,1.562708,1.609704,1.719767,1.686454,1.678362,1.859225,2.035029,2.040242,2.511139,2.583278,2.472469,2.569719,2.548859,2.604888,2.902063,2.929183,2.849880,3.084330,3.088682,3.095588,3.207474,3.205708,3.207489,3.722857,3.697084,3.716862,3.749300,3.731916,4.019900,4.030746,4.028682,4.309719,4.981196,5.264574,5.239702,5.205842,5.600317,5.589950,5.621890,6.418370,6.565800,6.489978,6.895171,6.942443,6.916475,7.434344,7.445880,8.316900,8.543348,8.567652,8.568082,9.471576,9.468974,9.444915,10.041627,10.037856,10.190827,10.980599,10.943342,10.908250,11.109631,11.112766,11.319207,11.343053,11.353556,13.518385,13.512994,13.507843,14.124904,14.133543,14.131139,14.462013,14.454870,15.014581,14.997835,15.015440,16.027586,16.030494,16.028655,16.638089,16.967334,16.957674,16.931087,17.960826,17.959691,17.957071,18.397176,18.394169,22.075303,23.410147,23.396526,23.405450
0.009691,0.178298,0.251667,0.334415,1.361483,1.318590,1.350643,1.595485,1.516362,1.620858,1.765370,1.685267,1.651089,1.890207,2.020911,2.041520,2.487712,2.630402,2.418275,2.592743,2.541281,2.598194,2.931290,2.966612,2.815384,3.079560,3.093592,3.119882,3.211718,3.204840,3.212428,3.720343,3.665538,3.703254,3.770324,3.734617,4.025236,4.057762,4.045102,4.311756,4.994584,5.283469,5.244630,5.170136,5.587826,5.578599,5.641823,6.351668,6.644584,6.490079,6.871257,6.967173,6.911915,7.420938,7.464490,8.313780,8.528947,8.577100,8.602237,9.491075,9.507081,9.437722,10.043797,10.029981,10.186094,11.014898,10.936630,10.870193,11.104035,11.111870,11.307126,11.364980,11.374392,13.522939,13.511719,13.501632,14.119967,14.151263,14.138918,14.469107,14.441004,15.018792,14.981722,15.036042,16.034546,16.044520,16.037881,16.631311,16.988761,16.984299,16.914334,17.960768,17.960205,17.953790,18.403043,18.390891,22.074926,23.418217,23.391279,23.412989
0.014536,0.281279,0.360429,0.497570,1.346911,1.293261,1.342324,1.592999,1.480671,1.632938,1.811670,1.687321,1.622220,1.921412,2.001411,2.047782,2.466824,2.655062,2.368237,2.588005,2.531291,2.620766,2.963837,2.999598,2.799351,3.072654,3.101409,3.149516,3.219732,3.204547,3.224013,3.716452,3.630436,3.685383,3.788904,3.735368,4.034378,4.090288,4.068724,4.319916,5.016134,5.292000,5.251483,5.132264,5.567935,5.571208,5.664467,6.290580,6.723195,6.490466,6.848200,6.994421,6.909864,7.398128,7.488636,8.310335,8.513229,8.584379,8.656198,9.514711,9.569246,9.434511,10.042987,10.016750,10.183523,11.048045,10.921111,10.831284,11.105255,11.110864,11.298811,11.395579,11.396062,13.527168,13.509438,13.494790,14.111351,14.178942,14.151344,14.483311,14.421207,15.021828,14.959385,15.067391,16.045399,16.067023,16.052101,16.622598,17.012759,17.025301,16.896908,17.959214,17.961003,17.949958,18.412820,18.385033,22.074425,23.426883,23.387282,23.424848
0.019382,0.379103,0.464000,0.655612,1.318466,1.260472,1.324773,1.588036,1.465946,1.636839,1.855169,1.700438,1.598587,1.939915,1.981888,2.064674,2.449576,2.642795,2.324220,2.587222,2.520226,2.644209,2.993366,3.025544,2.814463,3.065130,3.112047,3.172127,3.233177,3.205808,3.245491,3.711226,3.591943,3.663502,3.805884,3.735040,4.045265,4.113618,4.097452,4.338238,5.044577,5.287891,5.258029,5.093335,5.542694,5.568068,5.689924,6.236041,6.781415,6.490860,6.843480,7.026448,6.913765,7.365359,7.513201,8.307663,8.496264,8.589266,8.727244,9.542545,9.651919,9.435053,10.034154,9.998013,10.189477,11.079752,10.893746,10.792090,11.126282,11.104424,11.294391,11.431083,11.417071,13.531099,13.506059,13.487469,14.098124,14.212139,14.168104,14.508776,14.399596,15.023719,14.931522,15.106335,16.059096,16.096965,16.069846,16.613971,17.038504,17.077496,16.877756,17.956286,17.962007,17.945789,18.426517,18.376066,22.073955,23.435903,23.384712,23.440048
0.024227,0.471676,0.559147,0.805585,1.290605,1.218479,1.298140,1.573342,1.466547,1.629302,1.895742,1.726045,1.588271,1.939255,1.969210,2.092532,2.435970,2.608242,2.287769,2.595121,2.508837,2.665961,3.018387,3.040183,2.843872,3.061527,3.125824,3.185903,3.253556,3.208896,3.272522,3.704510,3.550352,3.638171,3.821990,3.734129,4.056130,4.120319,4.128771,4.362826,5.077759,5.270168,5.261402,5.054114,5.515916,5.568325,5.717871,6.189390,6.771100,6.490344,6.901206,7.066804,6.923371,7.322194,7.536055,8.306228,8.478129,8.591665,8.813098,9.574660,9.748201,9.438967,10.016375,9.973623,10.206831,11.109102,10.855034,10.753205,11.163047,11.098315,11.294165,11.469838,11.435953,13.534651,13.501641,13.479922,14.079413,14.242016,14.188631,14.551638,14.381732,15.023968,14.899548,15.149943,16.074455,16.133127,16.089501,16.606690,17.064111,17.138041,16.856081,17.952565,17.963133,17.941318,18.444150,18.363372,22.073675,23.444976,23.383747,23.457362
0.029073,0.558738,0.641325,0.941172,1.271857,1.173327,1.267778,1.556071,1.474029,1.616362,1.934192,1.757213,1.582729,1.928539,1.962343,2.124243,2.425451,2.567600,2.260024,2.612359,2.499184,2.685807,3.038780,3.038802,2.869256,3.069175,3.143450,3.195933,3.280428,3.213503,3.297784,3.696179,3.506333,3.610315,3.837641,3.732627,4.065747,4.113812,4.160145,4.381980,5.111030,5.239518,5.260680,5.014990,5.492997,5.570055,5.747107,6.152388,6.739817,6.487740,6.968745,7.120075,6.934629,7.268697,7.557825,8.306071,8.458967,8.591640,8.911889,9.611129,9.846731,9.445746,9.995826,9.943756,10.233415,11.134439,10.807224,10.715089,11.215244,11.089654,11.298713,11.512166,11.451472,13.537633,13.496419,13.472441,14.054628,14.256943,14.212203,14.617366,14.374754,15.021865,14.865199,15.195753,16.090359,16.174188,16.109600,16.601364,17.086669,17.204384,16.831372,17.949169,17.964302,17.936431,18.465719,18.346373,22.073710,23.453760,23.384537,23.475428
0.033918,0.640008,0.704500,1.043588,1.262985,1.134427,1.251391,1.539632,1.482538,1.604884,1.971164,1.788777,1.577074,1.920709,1.955742,2.153287,2.417273,2.527781,2.241603,2.638215,2.494457,2.703597,3.054998,3.031950,2.883711,3.080479,3.165482,3.205013,3.311273,3.219338,3.317477,3.686324,3.461497,3.581338,3.852628,3.730020,4.073587,4.100457,4.189206,4.386029,5.131589,5.197840,5.264798,4.975976,5.479014,5.571170,5.775349,6.127006,6.702996,6.482113,7.028267,7.188286,6.941420,7.205863,7.580397,8.307036,8.439021,8.589385,9.021737,9.651961,9.915666,9.454830,10.000474,9.908855,10.265560,11.153626,10.752400,10.677950,11.275922,11.078655,11.308616,11.560151,11.462811,13.539735,13.490739,13.465297,14.023809,14.253271,14.237996,14.706011,14.380879,15.016617,14.830249,15.241772,16.105925,16.218753,16.129041,16.598205,17.102468,17.274110,16.803385,17.947185,17.965437,17.931476,18.491162,18.324674,22.074123,23.461907,23.387166,23.492872
0.038763,0.715167,0.742698,1.072216,1.264210,1.107158,1.286710,1.523946,1.487651,1.602428,2.006272,1.817666,1.571172,1.920900,1.948983,2.176580,2.411212,2.492659,2.232606,2.670944,2.497303,2.719500,3.067933,3.024789,2.887591,3.090729,3.191195,3.213860,3.342880,3.226486,3.327582,3.675283,3.420305,3.553327,3.865542,3.725409,4.079771,4.085490,4.213842,4.371432,5.120719,5.147700,5.292182,4.936785,5.476423,5.570293,5.799661,6.114747,6.662238,6.472901,7.081746,7.267661,6.937924,7.136019,7.605328,8.308899,8.418620,8.585146,9.140281,9.697062,9.909052,9.465719,10.070961,9.872522,10.300143,11.164773,10.692446,10.641679,11.335697,11.065529,11.323664,11.616561,11.469768,13.540517,13.484959,13.458702,13.988005,14.239549,14.265143,14.811416,14.393905,15.007382,14.796267,15.286406,16.120569,16.265390,16.147214,16.597226,17.107534,17.344890,16.772120,17.947021,17.966431,17.927766,18.520274,18.298222,22.074906,23.469091,23.391625,23.508419
0.043609,0.784257,0.754494,1.041422,1.275673,1.088869,1.353768,1.510731,1.490402,1.612773,2.037583,1.842257,1.565325,1.926522,1.947447,2.194666,2.408027,2.465327,2.232886,2.705817,2.508356,2.736216,3.078565,3.018265,2.885052,3.097714,3.216619,3.222370,3.372099,3.236582,3.317731,3.663503,3.394594,3.529381,3.873059,3.717755,4.084831,4.073624,4.232236,4.339651,5.082472,5.092058,5.340179,4.896993,5.486086,5.567114,5.817685,6.115427,6.618060,6.459754,7.134294,7.352607,6.919782,7.063237,7.633031,8.311445,8.398132,8.579124,9.264495,9.746202,9.882415,9.478095,10.151221,9.835500,10.334872,11.166681,10.629777,10.605842,11.386447,11.050516,11.342310,11.681874,11.472963,13.539373,13.479351,13.452787,13.949568,14.223752,14.292765,14.924469,14.409128,14.993274,14.764415,15.328398,16.134000,16.312696,16.164011,16.598347,17.098473,17.414563,16.737766,17.948638,17.967070,17.926905,18.552626,18.267441,22.075979,23.475051,23.397787,23.520987
0.048454,0.846304,0.747132,0.992393,1.296420,1.069554,1.403122,1.505172,1.498453,1.632601,2.061817,1.862108,1.560190,1.921584,1.966316,2.212490,2.408673,2.448180,2.242543,2.727803,2.526357,2.766500,3.087540,3.012917,2.880671,3.099944,3.231482,3.229773,3.395881,3.256200,3.285683,3.651361,3.389081,3.513788,3.870071,3.706228,4.089366,4.069463,4.242935,4.295543,5.030837,5.034057,5.393491,4.856316,5.511074,5.562345,5.828854,6.126248,6.570941,6.442359,7.189566,7.439199,6.883641,6.993547,7.662896,8.314498,8.377883,8.571390,9.390776,9.799006,9.853255,9.491933,10.221746,9.800037,10.368105,11.158247,10.568924,10.569717,11.425271,11.033862,11.362287,11.751866,11.473918,13.535534,13.474051,13.447618,13.912189,14.209622,14.319993,15.035710,14.425299,14.973364,14.735360,15.366743,16.146169,16.359358,16.179730,16.601413,17.073485,17.481309,16.700640,17.951870,17.966943,17.929855,18.587478,18.233329,22.077215,23.479622,23.405414,23.529770
0.053300,0.899315,0.729810,0.938734,1.323567,1.043140,1.418568,1.510637,1.517363,1.656818,2.075825,1.877687,1.556920,1.909934,1.993799,2.239514,2.413391,2.441957,2.261942,2.735803,2.549250,2.809175,3.094903,3.009239,2.877864,3.097042,3.235483,3.229590,3.412441,3.281458,3.254051,3.639058,3.389730,3.510307,3.852379,3.690584,4.093712,4.075153,4.244950,4.246286,4.973576,4.976641,5.439582,4.814990,5.557294,5.557413,5.834178,6.142539,6.521534,6.420409,7.249570,7.525012,6.829021,6.931802,7.693853,8.317919,8.358109,8.561831,9.514981,9.854933,9.824936,9.507572,10.273081,9.767483,10.397922,11.137823,10.521417,10.532372,11.453637,11.015822,11.381708,11.819730,11.474733,13.528229,13.469058,13.443220,13.880513,14.198714,14.345955,15.136845,14.442379,14.946732,14.709324,15.400553,16.157194,16.404217,16.194864,16.606162,17.033101,17.543830,16.661092,17.956502,17.965365,17.936448,18.623739,18.197482,22.078468,23.482743,23.414168,23.534295
0.058145,0.928217,0.709481,0.884971,1.352823,1.024413,1.413405,1.516145,1.546348,1.682045,2.079076,1.890101,1.555849,1.895474,2.013711,2.284920,2.421799,2.444955,2.290359,2.738544,2.574968,2.853283,3.100005,3.007411,2.878591,3.090078,3.231142,3.203001,3.423951,3.306752,3.251563,3.626621,3.389109,3.517657,3.819675,3.671468,4.097767,4.087424,4.237943,4.200909,4.914966,4.922040,5.475902,4.774136,5.623675,5.554032,5.834959,6.159649,6.470752,6.393738,7.315136,7.608293,6.763188,6.875482,7.724810,8.321604,8.338967,8.550158,9.631304,9.913233,9.800661,9.525738,10.285251,9.738897,10.421490,11.103711,10.512668,10.492813,11.474084,10.996691,11.399695,11.879787,11.477135,13.517147,13.464282,13.439602,13.859207,14.191558,14.369743,15.222025,14.460568,14.912561,14.686229,15.428817,16.167308,16.446306,16.209801,16.612160,16.980271,17.601464,16.619386,17.962318,17.961408,17.945473,18.660009,18.161963,22.079600,23.484474,23.423635,23.534463
0.062991,0.903367,0.689791,0.833244,1.379800,1.047728,1.402515,1.516382,1.581241,1.706736,2.074105,1.900793,1.554406,1.878923,2.020391,2.347701,2.433812,2.453738,2.325081,2.738377,2.601674,2.893933,3.101686,3.006683,2.883400,3.081845,3.218451,3.177200,3.433782,3.331942,3.256683,3.613929,3.384597,3.530233,3.774940,3.650581,4.101019,4.096785,4.222469,4.171377,4.857969,4.871431,5.508441,4.735741,5.701558,5.553836,5.831934,6.174270,6.419810,6.362596,7.386129,7.687401,6.695789,6.819148,7.754809,8.325463,8.320659,8.535950,9.724013,9.972760,9.798274,9.547516,10.250826,9.709944,10.443202,11.055351,10.548818,10.450307,11.488551,10.976834,11.416354,11.928893,11.481521,13.503028,13.459616,13.436778,13.851792,14.188093,14.390325,15.288833,14.480005,14.870344,14.665873,15.450210,16.176817,16.484858,16.224518,16.618783,16.919845,17.654135,16.575623,17.969116,17.954165,17.955200,18.694727,18.128930,22.080514,23.484975,23.433365,23.530568
0.067836,0.851106,0.672238,0.784764,1.400829,1.092195,1.391206,1.514570,1.617835,1.730519,2.064219,1.911174,1.550503,1.860861,2.017578,2.413011,2.454554,2.464809,2.362384,2.736378,2.627735,2.926545,3.100217,3.004700,2.891658,3.076750,3.199649,3.164254,3.441708,3.356971,3.261466,3.600429,3.374687,3.543791,3.723344,3.630580,4.102762,4.092071,4.200171,4.168976,4.804951,4.825121,5.541143,4.702048,5.784528,5.558148,5.825188,6.184714,6.370246,6.327992,7.461526,7.760386,6.632535,6.760244,7.783007,8.329407,8.303689,8.518728,9.729031,10.031365,9.865704,9.574270,10.196008,9.693737,10.464576,10.994003,10.605585,10.405168,11.498206,10.956737,11.432163,11.966118,11.487028,13.487692,13.455005,13.434758,13.860038,14.187849,14.406342,15.338291,14.500619,14.820259,14.648049,15.463341,16.186092,16.519071,16.238466,16.625295,16.857675,17.702164,16.530039,17.976530,17.943332,17.964141,18.726399,18.099929,22.081163,23.484490,23.442897,23.523289
0.072681,0.793657,0.657196,0.740362,1.413424,1.140176,1.380791,1.513295,1.653353,1.753017,2.051811,1.922313,1.544541,1.842163,2.010468,2.446349,2.508644,2.475666,2.398637,2.733308,2.651625,2.946495,3.100231,2.998700,2.902064,3.078658,3.178103,3.165167,3.445753,3.380717,3.265001,3.583867,3.358720,3.556601,3.672615,3.614446,4.102416,4.082009,4.173729,4.182868,4.757860,4.783072,5.574874,4.674766,5.869063,5.567874,5.814368,6.190677,6.323869,6.291851,7.539522,7.824541,6.575885,6.698377,7.808623,8.333325,8.289278,8.498056,9.713232,10.083797,9.940872,9.607490,10.142923,9.679422,10.483394,10.922496,10.668841,10.361139,11.503715,10.937039,11.447294,11.992081,11.492445,13.473212,13.450494,13.433527,13.884340,14.190077,14.415643,15.373556,14.521987,14.763883,14.632613,15.467624,16.195588,16.549544,16.250759,16.631017,16.799469,17.745992,16.481911,17.983712,17.929787,17.971735,18.753828,18.075182,22.081552,23.483316,23.451795,23.513652
0.077527,0.738516,0.644587,0.700907,1.416578,1.187787,1.371241,1.513621,1.686622,1.772757,2.038260,1.934725,1.537767,1.824060,2.002518,2.462274,2.574197,2.484887,2.430858,2.729767,2.671922,2.953345,3.104246,2.988809,2.913256,3.086971,3.157037,3.178508,3.445659,3.401189,3.267111,3.558178,3.337469,3.568156,3.633740,3.604107,4.099837,4.076790,4.146458,4.199218,4.718206,4.745350,5.608769,4.654725,5.952831,5.583434,5.798949,6.192852,6.282626,6.256798,7.617712,7.875915,6.526787,6.634140,7.830903,8.337059,8.279887,8.473637,9.697483,10.115257,9.980831,9.648585,10.116735,9.670135,10.498976,10.844446,10.731883,10.332222,11.505578,10.918572,11.461427,12.008408,11.496871,13.461007,13.446243,13.433021,13.924345,14.193852,14.414275,15.398178,14.543215,14.705469,14.619501,15.464081,16.205899,16.575079,16.260591,16.635518,16.749505,17.785905,16.433351,17.989635,17.915482,17.978144,18.776263,18.053633,22.081732,23.481771,23.459665,23.502945
0.082372,0.690252,0.634327,0.667588,1.410591,1.233415,1.362419,1.515547,1.717277,1.787364,2.024408,1.948211,1.531324,1.807997,1.995604,2.475178,2.631163,2.491798,2.457042,2.726401,2.687476,2.952779,3.108840,2.977325,2.924166,3.097661,3.139055,3.202283,3.443851,3.416214,3.267968,3.520813,3.313459,3.578269,3.612719,3.599297,4.095538,4.077074,4.121667,4.213175,4.686999,4.712296,5.640750,4.642074,6.033645,5.604704,5.778560,6.192584,6.248332,6.225666,7.693296,7.909298,6.485959,6.568900,7.849129,8.340394,8.279277,8.445429,9.684488,10.101510,9.966150,9.698589,10.137531,9.665667,10.511124,10.763413,10.789531,10.342999,11.504486,10.902355,11.473972,12.017335,11.499818,13.451576,13.442497,13.433138,13.979086,14.198180,14.395330,15.415008,14.562879,14.653340,14.608739,15.455381,16.217818,16.596239,16.267602,16.638694,16.709756,17.821747,16.386064,17.993685,17.902557,17.983602,18.793416,18.033946,22.081771,23.480152,23.466183,23.492589
0.087218,0.652574,0.626550,0.641958,1.396437,1.275876,1.354788,1.518267,1.744723,1.794754,2.010947,1.961878,1.526084,1.795379,1.990559,2.485728,2.673717,2.496100,2.476310,2.724372,2.697693,2.950718,3.112107,2.966280,2.934001,3.106957,3.125789,3.231085,3.442577,3.425341,3.267993,3.481274,3.290685,3.586714,3.602711,3.597983,4.090694,4.080433,4.102112,4.223209,4.664729,4.684482,5.667741,4.636677,6.108193,5.630961,5.753333,6.191581,6.222295,6.201088,7.763281,7.920007,6.454652,6.505577,7.862664,8.343067,8.290782,8.413803,9.674951,10.047309,9.933734,9.757824,10.170732,9.665048,10.519756,10.682250,10.836504,10.390483,11.501623,10.889547,11.484357,12.021325,11.501039,13.444756,13.439544,13.433796,14.046673,14.202102,14.351705,15.425960,14.579113,14.617232,14.600485,15.445178,16.232402,16.613538,16.271968,16.640697,16.679961,17.852488,16.342704,17.995727,17.892570,17.988197,18.805362,18.015732,22.081741,23.478695,23.471119,23.483976
0.092063,0.628541,0.621620,0.625689,1.375134,1.314175,1.349434,1.520589,1.767705,1.793851,1.998385,1.974732,1.522675,1.787333,1.987585,2.492891,2.697739,2.497521,2.488812,2.725694,2.702795,2.949636,3.114204,2.956951,2.942290,3.112836,3.117832,3.256717,3.440672,3.431405,3.267713,3.449634,3.273960,3.592971,3.597955,3.597721,4.086858,4.083963,4.089693,4.229057,4.651463,4.662554,5.686100,4.638381,6.168437,5.660885,5.724156,6.191784,6.204925,6.185490,7.824567,7.907116,6.434686,6.451853,7.871002,8.344810,8.314168,8.379785,9.669150,9.975650,9.908675,9.825519,10.194207,9.666364,10.524881,10.602880,10.867529,10.454732,11.498716,10.881281,11.492221,12.022640,11.500345,13.440076,13.437647,13.435018,14.123887,14.204817,14.285105,15.432160,14.589926,14.599227,14.595148,15.437182,16.250960,16.628140,16.274222,16.641768,16.658321,17.875261,16.305361,17.995919,17.886359,17.991892,18.812360,18.000852,22.081699,23.477488,23.474402,23.478280
0.096909,0.620097,0.620097,0.620097,1.347491,1.347491,1.347491,1.521493,1.784572,1.784572,1.986613,1.986613,1.521493,1.784572,1.986613,2.495457,2.704123,2.495457,2.495457,2.728046,2.704123,2.949422,3.114994,2.949422,2.949422,3.114994,3.114994,3.267795,3.436696,3.436696,3.267497,3.436696,3.267795,3.596513,3.596513,3.596513,4.085422,4.085422,4.085422,4.230953,4.647068,4.647068,5.692653,4.647068,6.195416,5.692653,5.692653,6.195416,6.195416,6.179343,7.873818,7.873818,6.427789,6.427789,7.873818,8.345417,8.345417,8.345417,9.667205,9.899468,9.899468,9.899468,10.202428,9.667205,10.526575,10.526575,10.878417,10.526575,11.497495,10.878417,11.497495,12.022884,11.497495,13.436992,13.436992,13.436992,14.205785,14.205785,14.205785,15.434171,14.593733,14.593733,14.593733,15.434171,16.274899,16.642102,16.274899,16.642102,16.642102,17.884261,16.274899,17.994544,17.884261,17.994544,18.814659,17.994544,22.081681,23.476289,23.476289,23.476289
0.096909,0.620097,0.620097,0.620097,1.347491,1.347491,1.347491,1.521493,1.521493,1.784572,1.784572,1.784572,1.986613,1.986613,1.986613,2.495457,2.495457,2.495457,2.704123,2.704123,2.728046,2.949422,2.949422,2.949422,3.114994,3.114994,3.114994,3.267497,3.267795,3.267795,3.436696,3.436696,3.436696,3.596513,3.596513,3.596513,4.085422,4.085422,4.085422,4.230953,4.647068,4.647068,4.647068,5.692653,5.692653,5.692653,6.179343,6.195416,6.195416,6.195416,6.427789,6.427789,7.873818,7.873818,7.873818,8.345417,8.345417,8.345417,9.667205,9.667205,9.899468,9.899468,9.899468,10.202428,10.526575,10.526575,10.526575,10.878417,10.878417,11.497495,11.497495,11.497495,12.022884,13.436992,13.436992,13.436992,14.205785,14.205785,14.205785,14.593733,14.593733,14.593733,15.434171,15.434171,16.274899,16.274899,16.274899,16.642102,16.642102,16.642102,17.884261,17.884261,17.994544,17.994544,17.994544,18.814659,22.081681,23.476289,23.476289,23.476289
0.100335,0.624557,0.620686,0.622871,1.325265,1.346919,1.368437,1.521827,1.521294,1.774413,1.783939,1.792930,1.987563,1.978114,1.994611,2.495169,2.490787,2.496834,2.701860,2.702916,2.726490,2.954428,2.944579,2.949575,3.115808,3.115039,3.114035,3.267640,3.264125,3.268731,3.442970,3.435003,3.438229,3.596391,3.597868,3.594812,4.086820,4.087183,4.084389,4.230013,4.639882,4.649888,4.657024,5.714299,5.690866,5.669334,6.181557,6.198296,6.184086,6.193358,6.433689,6.438245,7.899529,7.871902,7.840650,8.322648,8.345267,8.369566,9.667812,9.667061,9.954980,9.901188,9.848149,10.198287,10.579131,10.527726,10.474180,10.878146,10.874668,11.494795,11.496361,11.500749,12.022778,13.439233,13.435695,13.436931,14.147616,14.205110,14.262947,14.595601,14.591782,14.595257,15.435075,15.433809,16.294610,16.276737,16.256306,16.632506,16.653308,16.641456,17.883860,17.881021,17.993689,17.997637,17.995008,18.813513,22.081690,23.475866,23.478073,23.475590
0.103761,0.637688,0.623325,0.630343,1.301994,1.345215,1.387770,1.522887,1.520727,1.763284,1.781925,1.798786,1.990416,1.969135,2.002322,2.493948,2.482464,2.495742,2.694852,2.698644,2.722582,2.959610,2.940339,2.949938,3.116710,3.115924,3.111612,3.267332,3.254821,3.271888,3.455332,3.435022,3.442570,3.595931,3.599039,3.593151,4.091038,4.092258,4.081494,4.227199,4.635497,4.658277,4.669676,5.733442,5.685596,5.645189,6.182294,6.202864,6.158517,6.193394,6.450713,6.465380,7.916188,7.866154,7.801444,8.302911,8.344850,8.393870,9.669601,9.666265,10.013038,9.906166,9.802638,10.186017,10.631067,10.531084,10.422656,10.877639,10.863751,11.491801,11.493139,11.505126,12.022344,13.442613,13.435153,13.436786,14.090372,14.203123,14.316726,14.600508,14.586699,14.600224,15.437688,15.432726,16.315519,16.282191,16.238698,16.623879,16.666745,16.639658,17.882675,17.872026,17.992878,18.004451,17.996354,18.810062,22.081715,23.474410,23.482008,23.475066
0.107187,0.658974,0.627815,0.642586,1.277922,1.342397,1.404931,1.524948,1.519795,1.752124,1.778272,1.801495,1.995161,1.960068,2.010068,2.490144,2.470659,2.493937,2.682555,2.690215,2.717821,2.965285,2.937455,2.950206,3.119523,3.115406,3.107227,3.266148,3.243522,3.276865,3.472301,3.435459,3.448888,3.594941,3.601066,3.591942,4.097209,4.100989,4.077274,4.222548,4.633972,4.672010,4.684861,5.749326,5.677100,5.620988,6.172904,6.212032,6.124935,6.203101,6.477272,6.502034,7.922252,7.856572,7.757454,8.288047,8.344268,8.417523,9.672511,9.663364,10.071807,9.913835,9.765002,10.166030,10.681128,10.536400,10.372918,10.877934,10.846650,11.487211,11.488914,11.510570,12.021263,13.447304,13.435162,13.436705,14.035663,14.199933,14.364228,14.608506,14.578582,14.609841,15.441718,15.430922,16.337595,16.291071,16.221949,16.615612,16.682996,16.637102,17.880759,17.858757,17.991603,18.014048,17.998453,18.804271,22.081746,23.472192,23.488312,23.474151
0.110614,0.687612,0.634197,0.659401,1.253373,1.338471,1.419102,1.528624,1.518343,1.741814,1.772796,1.800448,2.001717,1.951711,2.018184,2.483163,2.455985,2.491761,2.664731,2.677690,2.712629,2.971690,2.936639,2.949903,3.123885,3.113527,3.100157,3.263773,3.233703,3.283251,3.492087,3.435773,3.455670,3.593495,3.605688,3.591171,4.104632,4.113263,4.072431,4.216190,4.635428,4.690689,4.702366,5.761271,5.665740,5.597360,6.160209,6.229722,6.088555,6.212182,6.511567,6.543380,7.916825,7.843119,7.709836,8.279485,8.343687,8.440053,9.676488,9.655151,10.129165,9.923142,9.738398,10.138953,10.726638,10.543359,10.326404,10.881313,10.825205,11.480457,11.484497,11.516497,12.019059,13.453435,13.435362,13.437085,13.984854,14.195701,14.402328,14.619531,14.567913,14.625573,15.446721,15.428398,16.360664,16.303031,16.205990,16.607237,16.702584,16.634322,17.878183,17.842512,17.989739,18.025324,18.001114,18.796083,22.081772,23.469128,23.496883,23.472906
0.114040,0.722627,0.642564,0.680502,1.228768,1.333412,1.429397,1.534634,1.516162,1.732831,1.765478,1.795420,2.009905,1.945055,2.026977,2.473132,2.439260,2.488666,2.642043,2.661937,2.706439,2.978518,2.938120,2.948524,3.129134,3.111143,3.089990,3.260460,3.227483,3.290536,3.513294,3.435667,3.461222,3.592133,3.614343,3.590817,4.112705,4.128633,4.067633,4.208439,4.639998,4.713624,4.722151,5.768621,5.651910,5.574742,6.146014,6.254262,6.052741,6.220395,6.551894,6.586841,7.900358,7.825669,7.659701,8.277541,8.343338,8.461242,9.681368,9.638751,10.182270,9.932243,9.725108,10.105723,10.760099,10.551571,10.285843,10.892224,10.804401,11.472480,11.479463,11.522084,12.015172,13.461060,13.435473,13.438311,13.939120,14.190623,14.428830,14.633340,14.555357,14.648211,15.452147,15.425154,16.384395,16.317525,16.190843,16.598600,16.725949,16.631837,17.875022,17.824154,17.987192,18.037616,18.004120,18.785432,22.081775,23.465291,23.507517,23.471295
0.117466,0.762960,0.653042,0.705543,1.204601,1.327163,1.435310,1.543201,1.513301,1.724689,1.756167,1.787627,2.019428,1.940800,2.036736,2.459944,2.421328,2.484326,2.615757,2.643790,2.698869,2.984743,2.940437,2.946540,3.134976,3.108899,3.077788,3.257099,3.225161,3.298134,3.533842,3.435116,3.464468,3.592612,3.627320,3.591088,4.120967,4.146126,4.063342,4.200031,4.647716,4.738944,4.745367,5.770744,5.635950,5.553384,6.130991,6.284009,6.019982,6.228245,6.596593,6.631107,7.874830,7.803895,7.608121,8.281283,8.343540,8.481067,9.686556,9.616146,10.220791,9.937671,9.722356,10.068490,10.759400,10.560355,10.262145,10.916024,10.803419,11.463849,11.473877,11.526501,12.009028,13.470121,13.435698,13.440316,13.899491,14.184906,14.443774,14.649676,14.541753,14.676380,15.457400,15.421192,16.408334,16.333736,16.176630,16.590011,16.753402,16.630027,17.871350,17.804217,17.983877,18.050620,18.007249,18.772246,22.081738,23.460761,23.519951,23.469306
0.120892,0.807522,0.665775,0.734120,1.181405,1.319675,1.437012,1.553743,1.510229,1.715495,1.743985,1.780871,2.029861,1.938938,2.047758,2.443549,2.402978,2.478426,2.587371,2.623999,2.689973,2.989118,2.935993,2.949827,3.141927,3.106966,3.065533,3.255243,3.225309,3.305455,3.549625,3.434411,3.465109,3.599050,3.644114,3.591964,4.129173,4.162671,4.059705,4.193692,4.658378,4.763532,4.774547,5.767268,5.618078,5.533369,6.115523,6.318234,5.992247,6.235427,6.643792,6.675732,7.843303,7.777122,7.556128,8.289005,8.344763,8.499674,9.690784,9.590706,10.215029,9.932201,9.726134,10.032946,10.738084,10.568123,10.286312,10.952131,10.812528,11.455030,11.467951,11.529034,12.000102,13.480384,13.436256,13.443012,13.866895,14.178743,14.449011,14.668211,14.528109,14.707020,15.461883,15.416522,16.431958,16.350474,16.163563,16.582321,16.785077,16.629118,17.867237,17.783032,17.979726,18.064268,18.010296,18.756462,22.081646,23.455629,23.533873,23.466938
0.124318,0.855208,0.680902,0.765758,1.159721,1.310963,1.435160,1.565226,1.507674,1.702414,1.728827,1.779336,2.040688,1.938843,2.060318,2.424054,2.384896,2.470523,2.558550,2.603258,2.680075,2.991361,2.924963,2.956199,3.151201,3.105276,3.054278,3.256844,3.225354,3.312039,3.557046,3.433988,3.463358,3.613166,3.664148,3.595020,4.137325,4.167009,4.056512,4.200221,4.671438,4.788691,4.807995,5.758649,5.598336,5.514641,6.099873,6.356302,5.970694,6.241563,6.690980,6.721260,7.809202,7.744390,7.504696,8.298691,8.347762,8.517376,9.692707,9.563464,10.204916,9.905100,9.734521,10.008967,10.720095,10.571474,10.319780,10.994453,10.818443,11.446409,11.461977,11.529167,11.987960,13.491383,13.437282,13.446360,13.842197,14.172304,14.446655,14.688515,14.515485,14.737084,15.465049,15.411170,16.454742,16.366091,16.151907,16.576911,16.820886,16.629254,17.862755,17.760810,17.974701,18.078629,18.013090,18.738036,22.081485,23.450004,23.548940,23.464202
0.127745,0.904856,0.698523,0.799891,1.140090,1.301187,1.430552,1.576655,1.506258,1.683594,1.713327,1.783368,2.051457,1.939686,2.074487,2.401887,2.367549,2.459861,2.531214,2.582216,2.669632,2.992622,2.909182,2.962292,3.163542,3.103867,3.043618,3.262410,3.223657,3.317776,3.558492,3.434009,3.460011,3.631433,3.687008,3.600765,4.145612,4.159208,4.053246,4.219026,4.686021,4.815583,4.844277,5.746699,5.576609,5.497042,6.084271,6.397513,5.955222,6.246306,6.735056,6.769025,7.775206,7.705257,7.454746,8.308199,8.353631,8.534664,9.692060,9.533926,10.206005,9.856976,9.745841,9.997184,10.713011,10.565893,10.347275,11.038238,10.823220,11.438272,11.456346,11.526617,11.972291,13.502390,13.438857,13.450313,13.826189,14.165711,14.438504,14.709962,14.504646,14.764536,15.466439,15.405202,16.476203,16.378556,16.141935,16.575514,16.860496,16.630584,17.857986,17.737679,17.968806,18.093853,18.015495,18.716961,22.081248,23.444006,23.564776,23.461127
0.131171,0.955087,0.718664,0.835812,1.123160,1.290722,1.423908,1.587250,1.506267,1.660630,1.698971,1.790784,2.061891,1.940806,2.089982,2.378369,2.350651,2.445398,2.507413,2.561500,2.659157,2.994384,2.890077,2.965416,3.178261,3.102962,3.033690,3.269889,3.220706,3.323224,3.557636,3.433898,3.456727,3.649696,3.712196,3.608994,4.155199,4.148080,4.049226,4.239847,4.701080,4.844203,4.883040,5.734340,5.552787,5.480326,6.068980,6.441061,5.944603,6.249318,6.774236,6.819174,7.742252,7.660765,7.407172,8.315778,8.363253,8.552250,9.689645,9.501265,10.217607,9.801266,9.754769,9.990889,10.718092,10.550379,10.368101,11.080941,10.828653,11.430740,11.451598,11.521357,11.952924,13.512510,13.441014,13.454799,13.819480,14.159028,14.426313,14.731560,14.495764,14.788559,15.465708,15.398732,16.495991,16.385962,16.133874,16.579504,16.903351,16.633393,17.853026,17.713708,17.962097,18.110138,18.017426,18.693273,22.080934,23.437768,23.580993,23.457763
0.134597,1.003721,0.741247,0.872597,1.110182,1.280237,1.415748,1.596109,1.507639,1.637349,1.685386,1.799105,2.071824,1.941944,2.106176,2.357550,2.331335,2.426803,2.488263,2.541745,2.649173,2.997534,2.869479,2.961888,3.193410,3.102823,3.026704,3.276232,3.217655,3.329842,3.556387,3.432573,3.455616,3.666244,3.738979,3.619053,4.165006,4.137287,4.043825,4.259742,4.715658,4.873773,4.924332,5.724598,5.527068,5.464145,6.054364,6.486019,5.937170,6.250220,6.808671,6.869983,7.710064,7.612970,7.362917,8.321042,8.376163,8.571088,9.686544,9.465094,10.236549,9.718702,9.784838,9.987945,10.730585,10.529070,10.383201,11.121148,10.835746,11.423728,11.448481,11.513625,11.929834,13.520929,13.443735,13.459712,13.822242,14.152252,14.411788,14.751608,14.488643,14.809649,15.462649,15.391943,16.514005,16.387458,16.127861,16.588581,16.948730,16.638345,17.847988,17.688922,17.954688,18.127693,18.018839,18.667066,22.080549,23.431434,23.597191,23.454180
0.138023,1.044848,0.766070,0.908981,1.105775,1.270841,1.406405,1.599550,1.510051,1.620054,1.672275,1.805981,2.081060,1.943384,2.122198,2.344725,2.305598,2.405637,2.472773,2.523608,2.640169,3.001657,2.849014,2.949942,3.204949,3.103658,3.024693,3.278867,3.217119,3.339320,3.555742,3.430284,3.457201,3.680597,3.766569,3.630172,4.176416,4.126133,4.036692,4.277463,4.729092,4.902919,4.968246,5.719719,5.500241,5.448004,6.040984,6.531340,5.931371,6.248555,6.838838,6.919371,7.678234,7.563933,7.323106,8.324709,8.390717,8.592360,9.684686,9.425856,10.259290,9.648875,9.796759,9.988562,10.744697,10.507001,10.393841,11.158000,10.845164,11.416947,11.447896,11.503940,11.903145,13.527213,13.446951,13.464909,13.833922,14.145293,14.396324,14.767471,14.483174,14.829664,15.457207,15.385091,16.530392,16.383713,16.123902,16.599983,16.995809,16.646792,17.843000,17.663316,17.946758,18.146728,18.019740,18.638502,22.080105,23.425158,23.612973,23.450470
0.141450,1.062997,0.792803,0.943143,1.123421,1.264455,1.396252,1.589389,1.512910,1.619048,1.659635,1.809218,2.089269,1.945944,2.137028,2.339051,2.275585,2.384356,2.458990,2.507703,2.632547,3.005659,2.829924,2.931761,3.206228,3.105552,3.026752,3.277242,3.224272,3.351955,3.556330,3.428731,3.460100,3.692622,3.794300,3.641685,4.189274,4.114783,4.027868,4.292214,4.741049,4.930153,5.014475,5.720880,5.473746,5.431197,6.029686,6.575844,5.925911,6.243770,6.865081,6.965183,7.646593,7.515412,7.289275,8.327514,8.405171,8.617354,9.683371,9.384806,10.282204,9.574755,9.809150,9.993090,10.756141,10.488527,10.401016,11.190993,10.857280,11.410039,11.450630,11.493161,11.873137,13.531434,13.450540,13.470219,13.853172,14.137968,14.380932,14.776479,14.479493,14.850801,15.449486,15.378490,16.545321,16.376333,16.121869,16.609879,17.043730,16.660162,17.838201,17.636870,17.938549,18.167427,18.020171,18.607811,22.079622,23.419100,23.627955,23.446745
0.144876,1.063616,0.820996,0.972439,1.154412,1.264422,1.386095,1.577926,1.515304,1.623742,1.647672,1.807085,2.095854,1.950626,2.149630,2.338430,2.244595,2.364980,2.445617,2.494444,2.626559,3.008913,2.813119,2.910422,3.203660,3.108302,3.030943,3.272818,3.231581,3.366554,3.558508,3.429085,3.462908,3.702270,3.821625,3.653101,4.203381,4.103046,4.017766,4.303471,4.751431,4.954330,5.062075,5.728303,5.449313,5.412930,6.021639,6.618217,5.919716,6.235243,6.887820,7.004673,7.615164,7.468980,7.263681,8.329867,8.418185,8.647186,9.683667,9.343700,10.301212,9.498691,9.819055,10.001511,10.762407,10.478301,10.404985,11.219940,10.871810,11.402678,11.456612,11.482964,11.840246,13.534024,13.454333,13.475447,13.878068,14.129996,14.366346,14.777837,14.477890,14.873641,15.439758,15.372498,16.558844,16.367004,16.121496,16.616534,17.091625,16.677790,17.833731,17.609587,17.930359,18.189942,18.020212,18.575293,22.079124,23.413423,23.641770,23.443130
0.148302,1.062477,0.850103,0.993584,1.179162,1.274178,1.377743,1.572008,1.516245,1.627498,1.637630,1.798846,2.099685,1.958027,2.159094,2.340783,2.215337,2.349584,2.432321,2.483943,2.622256,3.011280,2.799240,2.888149,3.200959,3.111294,3.036020,3.267657,3.234930,3.381630,3.562293,3.431461,3.464801,3.709547,3.848021,3.664068,4.218365,4.090737,4.007081,4.310945,4.760256,4.974781,5.109612,5.741396,5.427906,5.393145,6.018184,6.657010,5.912010,6.222382,6.907720,7.034186,7.584090,7.426264,7.249321,8.331936,8.428960,8.682438,9.685337,9.304399,10.312254,9.422533,9.825659,10.013249,10.762644,10.480580,10.405798,11.244984,10.887613,11.394576,11.460596,11.479939,11.805073,13.535509,13.458121,13.480380,13.906479,14.121014,14.353129,14.772699,14.478629,14.897065,15.428469,15.367491,16.570917,16.357109,16.122408,16.620562,17.138611,16.697051,17.829721,17.581543,17.922530,18.214381,18.019964,18.541313,22.078638,23.408286,23.654083,23.439762
0.151728,1.061860,0.879497,1.004728,1.195380,1.289975,1.374832,1.571678,1.515496,1.622675,1.637413,1.784944,2.098642,1.968097,2.164396,2.349140,2.191697,2.334499,2.419385,2.476100,2.619483,3.012930,2.788696,2.866544,3.199056,3.113625,3.041255,3.263175,3.234262,3.395924,3.567291,3.435252,3.465470,3.714547,3.872846,3.674283,4.233737,4.077805,3.996750,4.314570,4.767555,4.991237,5.155491,5.758811,5.408867,5.373225,6.020514,6.690705,5.902541,6.204805,6.925669,7.050486,7.553649,7.389325,7.248130,8.333754,8.437234,8.722842,9.687991,9.268376,10.313843,9.348424,9.829089,10.027090,10.757174,10.495026,10.405095,11.266574,10.903110,11.385475,11.454932,11.492617,11.768406,13.536326,13.461672,13.484801,13.936377,14.110603,14.341728,14.762991,14.481726,14.919451,15.416246,15.363838,16.581452,16.347692,16.124151,16.622830,17.183705,16.715476,17.826288,17.552997,17.915430,18.240793,18.019542,18.506292,22.078193,23.403841,23.664593,23.436775
0.155155,1.058829,0.908464,1.007744,1.208633,1.300625,1.381845,1.574577,1.513736,1.613614,1.644283,1.766643,2.090028,1.980435,2.163177,2.355901,2.179918,2.326063,2.407274,2.470737,2.617925,3.014153,2.781651,2.846961,3.198599,3.114540,3.046070,3.259525,3.231130,3.408448,3.572743,3.439524,3.464997,3.717481,3.895134,3.683396,4.248914,4.064491,3.987956,4.314506,4.773330,5.003705,5.198236,5.778493,5.390971,5.354922,6.029385,6.717890,5.891664,6.182588,6.942458,7.054184,7.524429,7.361429,7.256672,8.335284,8.443143,8.766942,9.691083,9.235132,10.308683,9.280874,9.830106,10.041293,10.747141,10.516640,10.404562,11.285327,10.916795,11.375255,11.447806,11.513000,11.731293,13.536768,13.464748,13.488503,13.966014,14.098361,14.332504,14.750965,14.486707,14.939189,15.403900,15.361881,16.590313,16.339546,16.126228,16.623836,17.225608,16.731332,17.823528,17.524633,17.909428,18.269165,18.019064,18.470683,22.077815,23.400226,23.673046,23.434298
0.158581,1.051981,0.936154,1.005351,1.221133,1.302295,1.396589,1.577961,1.511610,1.605688,1.654920,1.745740,2.074133,1.994592,2.158617,2.363101,2.178140,2.320768,2.396403,2.467552,2.617192,3.015137,2.777930,2.830756,3.199721,3.114030,3.049946,3.256455,3.227361,3.418414,3.577675,3.443323,3.463758,3.718713,3.913279,3.690916,4.263164,4.051609,3.982106,4.311203,4.777537,5.012359,5.236574,5.797859,5.374031,5.338844,6.044901,6.737566,5.880204,6.156577,6.958079,7.049990,7.497815,7.347640,7.265136,8.336455,8.447011,8.811289,9.693976,9.195501,10.301211,9.234375,9.829754,10.053795,10.734690,10.539504,10.404412,11.301752,10.927456,11.364130,11.442358,11.537088,11.695325,13.537006,13.467128,13.491299,13.993962,14.084011,14.325729,14.739204,14.492419,14.954743,15.392428,15.361862,16.597276,16.333274,16.128153,16.623917,17.262170,16.743438,17.821510,17.498107,17.904861,18.299407,18.018635,18.434965,22.077526,23.397555,23.679234,23.432442
0.162007,1.044430,0.961405,0.997593,1.230844,1.300098,1.410193,1.580214,1.509619,1.600201,1.668646,1.725109,2.055695,2.009730,2.156346,2.370048,2.178161,2.318074,2.387095,2.466030,2.616921,3.015847,2.776784,2.819567,3.201600,3.112960,3.052457,3.254220,3.224250,3.425044,3.581122,3.445876,3.462411,3.718838,3.925032,3.696117,4.275214,4.041154,3.980105,4.305771,4.780105,5.017426,5.269017,5.813715,5.360380,5.323506,6.065777,6.749331,5.869778,6.128988,6.970695,7.043429,7.477127,7.348546,7.266534,8.337196,8.449174,8.848277,9.696038,9.152586,10.295124,9.214723,9.829046,10.062473,10.723544,10.557616,10.404414,11.315613,10.934212,11.353081,11.439080,11.561239,11.663986,13.537123,13.468634,13.493042,14.018761,14.067823,14.321593,14.730506,14.497088,14.964743,15.383171,15.363626,16.601925,16.329322,16.129503,16.623503,17.289227,16.751008,17.820283,17.477220,17.902002,18.331329,18.018341,18.399629,22.077346,23.395916,23.683009,23.431291
0.165433,1.041182,0.980714,0.984647,1.234609,1.298766,1.415605,1.580965,1.508723,1.598203,1.677732,1.713637,2.044255,2.019704,2.155778,2.375012,2.178214,2.317275,2.381293,2.465607,2.616860,3.016116,2.776734,2.815440,3.202576,3.112439,3.053326,3.253380,3.222972,3.427427,3.582360,3.446756,3.461809,3.718707,3.928956,3.698037,4.281059,4.036825,3.980210,4.302140,4.780970,5.019091,5.287692,5.820642,5.354962,5.311443,6.082141,6.753225,5.864774,6.110318,6.975963,7.040127,7.468738,7.351809,7.265605,8.337449,8.449867,8.863876,9.696786,9.134017,10.292809,9.209081,9.828720,10.065597,10.718856,10.564732,10.404427,11.322760,10.936525,11.346805,11.437995,11.574070,11.648744,13.537159,13.469149,13.493634,14.033574,14.055953,14.320203,14.727275,14.498910,14.968198,15.378968,15.365220,16.603609,16.327973,16.129988,16.623233,17.299774,16.753582,17.819871,17.468755,17.901028,18.362109,18.018237,18.367688,22.077284,23.395363,23.684277,23.430902
0.165433,0.980714,0.984647,1.041182,1.234609,1.298766,1.415605,1.508723,1.580965,1.598203,1.677732,1.713637,2.019704,2.044255,2.155778,2.178214,2.317275,2.375012,2.381293,2.465607,2.616860,2.776734,2.815440,3.016116,3.053326,3.112439,3.202576,3.222972,3.253380,3.427427,3.446756,3.461809,3.582360,3.698037,3.718707,3.928956,3.980210,4.036825,4.281059,4.302140,4.780970,5.019091,5.287692,5.311443,5.354962,5.820642,5.864774,6.082141,6.110318,6.753225,6.975963,7.040127,7.265605,7.351809,7.468738,8.337449,8.449867,8.863876,9.134017,9.209081,9.696786,9.828720,10.065597,10.292809,10.404427,10.564732,10.718856,10.936525,11.322760,11.346805,11.437995,11.574070,11.648744,13.469149,13.493634,13.537159,14.033574,14.055953,14.320203,14.498910,14.727275,14.968198,15.365220,15.378968,16.129988,16.327973,16.603609,16.623233,16.753582,17.299774,17.468755,17.819871,17.901028,18.018237,18.362109,18.367688,22.077284,23.395363,23.430902,23.684277
0.168860,0.971451,0.990932,1.039609,1.236597,1.294882,1.413558,1.509904,1.582379,1.595921,1.676159,1.713633,2.016587,2.042886,2.147194,2.185912,2.317374,2.375547,2.373318,2.473172,2.616443,2.771357,2.821533,3.016596,3.052588,3.111689,3.202534,3.219945,3.257756,3.422847,3.447139,3.464184,3.580796,3.692071,3.724898,3.927174,3.979914,4.035884,4.280264,4.306230,4.783429,5.021893,5.284357,5.313497,5.356543,5.816437,5.867067,6.050423,6.143969,6.752343,6.978235,7.038686,7.266785,7.350063,7.467666,8.336551,8.450673,8.862432,9.126065,9.214748,9.695125,9.830228,10.065236,10.288900,10.405698,10.564203,10.721364,10.938379,11.320528,11.346732,11.436075,11.571475,11.647806,13.468895,13.494133,13.537081,14.032845,14.057757,14.319888,14.498550,14.729353,14.968332,15.344549,15.389426,16.129520,16.325935,16.585076,16.638818,16.751101,17.298053,17.465868,17.819980,17.901270,18.019439,18.361482,18.369679,22.077187,23.394949,23.431238,23.682385
0.172286,0.957081,0.996449,1.034720,1.242184,1.284552,1.407823,1.512752,1.580441,1.593616,1.672833,1.713570,2.006984,2.039633,2.130814,2.198433,2.318055,2.376342,2.357478,2.489149,2.615388,2.760045,2.834712,3.017945,3.050530,3.109532,3.201672,3.214476,3.267658,3.412581,3.445982,3.470354,3.576166,3.682315,3.735059,3.921972,3.979251,4.033761,4.277841,4.317755,4.790790,5.030045,5.276467,5.317469,5.361251,5.805648,5.871992,6.011005,6.189504,6.749676,6.984617,7.034856,7.269393,7.345476,7.464554,8.333987,8.452999,8.858106,9.106586,9.227445,9.690286,9.834622,10.064195,10.278365,10.407637,10.563570,10.728650,10.943640,11.314102,11.346095,11.430349,11.564063,11.644878,13.468251,13.495485,13.536859,14.031392,14.062428,14.319052,14.497485,14.735394,14.968720,15.307566,15.395964,16.128132,16.319869,16.557368,16.655803,16.746123,17.292937,17.457111,17.820599,17.901997,18.022750,18.360926,18.374165,22.076905,23.393780,23.432174,23.676768
0.175712,0.938705,1.000304,1.026007,1.249876,1.271438,1.399237,1.515993,1.564615,1.597853,1.670732,1.713707,1.991280,2.035704,2.110405,2.209174,2.320198,2.378027,2.342465,2.505623,2.614218,2.746954,2.850087,3.019801,3.047661,3.106246,3.197665,3.211444,3.279511,3.399721,3.442962,3.478194,3.568622,3.673633,3.743713,3.913855,3.978757,4.032051,4.273600,4.334955,4.802960,5.042845,5.266200,5.321057,5.368898,5.790768,5.876281,5.976088,6.236022,6.745169,6.993267,7.030546,7.270339,7.340386,7.459739,8.330101,8.456608,8.850916,9.080840,9.242133,9.682632,9.841584,10.062588,10.263556,10.406152,10.565175,10.740161,10.951487,11.303837,11.344074,11.421003,11.552820,11.639717,13.467484,13.497352,13.536526,14.030341,14.068816,14.317993,14.495753,14.744843,14.969321,15.258752,15.394772,16.125866,16.309931,16.526846,16.662320,16.745757,17.284560,17.442336,17.822382,17.903223,18.027407,18.361184,18.379952,22.076464,23.392034,23.433525,23.667601
0.179138,0.915897,1.001563,1.014335,1.251233,1.266043,1.388491,1.518626,1.539367,1.601196,1.671271,1.715239,1.971287,2.031469,2.086563,2.214919,2.321346,2.380725,2.336181,2.519291,2.613605,2.733133,2.865686,3.021243,3.045035,3.102281,3.190507,3.211129,3.291383,3.385178,3.439333,3.486483,3.558431,3.667149,3.749275,3.903681,3.978986,4.032313,4.267269,4.355754,4.819659,5.059292,5.254320,5.323473,5.379075,5.773202,5.875590,5.950529,6.282397,6.738771,6.998591,7.031182,7.264581,7.338805,7.453853,8.325349,8.461209,8.840907,9.051104,9.256880,9.672610,9.850734,10.060583,10.246431,10.397499,10.571296,10.755276,10.960771,11.289749,11.339795,11.408651,11.539048,11.632129,13.466858,13.499373,13.536127,14.030370,14.076181,14.317122,14.493422,14.756774,14.970039,15.198703,15.386650,16.122774,16.296422,16.493299,16.655689,16.755113,17.273115,17.421624,17.825882,17.904989,18.032437,18.362233,18.386437,22.075906,23.389928,23.435070,23.655171
0.182565,0.888329,0.986553,1.013305,1.241985,1.273198,1.375776,1.522265,1.506199,1.601528,1.672025,1.720152,1.949586,2.026739,2.060854,2.213801,2.315363,2.384866,2.345886,2.529150,2.614098,2.718831,2.880433,3.020530,3.044397,3.098196,3.182167,3.211015,3.301710,3.369176,3.436422,3.494289,3.546526,3.663228,3.751557,3.892384,3.980265,4.035503,4.258647,4.378114,4.840321,5.078246,5.241210,5.324461,5.391241,5.753894,5.863976,5.940865,6.328003,6.730490,6.994842,7.041882,7.248958,7.342718,7.447945,8.320204,8.466527,8.828164,9.018337,9.271177,9.660656,9.861711,10.058372,10.228223,10.379774,10.582685,10.773410,10.970222,11.271613,11.332258,11.394683,11.524025,11.622062,13.466566,13.501262,13.535714,14.031821,14.084057,14.316874,14.490587,14.769769,14.970619,15.129108,15.372539,16.118908,16.279795,16.456275,16.642222,16.770707,17.258837,17.395460,17.831268,17.907372,18.036891,18.363929,18.393088,22.075282,23.387665,23.436597,23.639855
0.185991,0.855833,0.958001,1.020454,1.235229,1.276895,1.360971,1.523450,1.473909,1.599976,1.669865,1.728942,1.928944,2.019540,2.037037,2.206001,2.308392,2.391073,2.363267,2.535344,2.615857,2.704182,2.893656,3.016416,3.046776,3.094552,3.173431,3.209679,3.308921,3.351799,3.435081,3.498691,3.536726,3.661888,3.751400,3.880674,3.982581,4.041873,4.247696,4.400104,4.864055,5.098458,5.227434,5.323869,5.404822,5.733753,5.842974,5.946046,6.372331,6.720478,6.985874,7.057545,7.224767,7.349593,7.443568,8.315096,8.472341,8.812827,8.983077,9.285004,9.647164,9.874178,10.056137,10.209569,10.352713,10.598594,10.793992,10.978597,11.249336,11.320535,11.381115,11.508715,11.609611,13.466734,13.502841,13.535320,14.034835,14.092094,14.317627,14.487367,14.781263,14.969961,15.054467,15.353349,16.114305,16.260623,16.415963,16.628320,16.788133,17.241991,17.364676,17.838336,17.910457,18.039964,18.366138,18.399411,22.074646,23.385419,23.437928,23.622110
0.189417,0.818365,0.921149,1.031081,1.232774,1.265629,1.347057,1.524337,1.448232,1.598412,1.664607,1.739275,1.911730,2.001608,2.025025,2.192768,2.301869,2.400743,2.382974,2.538715,2.618583,2.689347,2.904985,3.009341,3.051229,3.091776,3.164614,3.206520,3.311585,3.333270,3.434075,3.494538,3.537058,3.662902,3.750125,3.869013,3.985683,4.051087,4.234570,4.419815,4.889730,5.118229,5.214304,5.321567,5.419251,5.713708,5.818921,5.959995,6.414854,6.709139,6.974973,7.072938,7.194453,7.356096,7.442528,8.310389,8.478481,8.795107,8.945764,9.298503,9.632495,9.887771,10.054022,10.190437,10.316838,10.617813,10.816430,10.984778,11.223558,11.304654,11.369375,11.493626,11.594973,13.467434,13.504051,13.534945,14.039418,14.099980,14.319637,14.483903,14.784906,14.956854,14.994090,15.329941,16.108987,16.239536,16.373354,16.616832,16.805336,17.222865,17.330283,17.846701,17.914293,18.041064,18.368756,18.404991,22.074054,23.383335,23.438914,23.602449
0.192843,0.775950,0.877153,1.043787,1.238424,1.225297,1.340938,1.524310,1.434459,1.598576,1.657597,1.748342,1.899068,1.978741,2.020586,2.175284,2.295990,2.417603,2.399170,2.540400,2.621780,2.674531,2.914294,2.999798,3.056460,3.090044,3.155944,3.201581,3.308836,3.314079,3.427308,3.489652,3.546786,3.665897,3.748888,3.857699,3.989266,4.062378,4.219626,4.435286,4.916168,5.134017,5.205220,5.317506,5.434009,5.694612,5.794681,5.979910,6.454853,6.697309,6.962935,7.084571,7.160027,7.360852,7.445804,8.306372,8.484820,8.775286,8.906847,9.311844,9.616986,9.901994,10.052103,10.169355,10.273905,10.639330,10.840101,10.987852,11.196143,11.285849,11.359430,11.478886,11.578400,13.468704,13.504938,13.534554,14.045455,14.107427,14.322970,14.480352,14.763592,14.916051,14.982879,15.303142,16.102968,16.217161,16.329858,16.608514,16.821493,17.201782,17.293315,17.855983,17.918841,18.039847,18.371690,18.409515,22.073554,23.381535,23.439438,23.581424
0.196270,0.728658,0.826927,1.052564,1.242268,1.175687,1.341117,1.523043,1.430499,1.601502,1.650285,1.754498,1.889858,1.958779,2.018037,2.154385,2.291385,2.440448,2.411347,2.541509,2.625091,2.659971,2.921612,2.987639,3.061543,3.089217,3.147616,3.195387,3.300795,3.294851,3.408862,3.495532,3.560490,3.670437,3.748327,3.846923,3.993078,4.074668,4.203444,4.444525,4.942399,5.138956,5.206909,5.311786,5.448688,5.677114,5.771040,6.004955,6.491063,6.686587,6.949492,7.089122,7.123819,7.364977,7.452536,8.303255,8.491256,8.753716,8.866855,9.325164,9.600957,9.915984,10.050349,10.140835,10.230086,10.662425,10.864374,10.987296,11.169914,11.265455,11.350594,11.464395,11.560169,13.470559,13.505616,13.534085,14.052734,14.114173,14.327408,14.476872,14.703802,14.901999,14.983044,15.273756,16.096271,16.194092,16.286840,16.603272,16.836290,17.179106,17.254735,17.865905,17.923958,18.036235,18.374837,18.412776,22.073184,23.380123,23.439407,23.559600
0.199696,0.676605,0.771208,1.031318,1.251445,1.143834,1.343872,1.520623,1.432458,1.606558,1.644276,1.757428,1.880235,1.945762,2.016721,2.130654,2.289027,2.464282,2.422916,2.542995,2.628459,2.645954,2.926983,2.972422,3.065734,3.088856,3.139734,3.188668,3.288246,3.276451,3.382262,3.510450,3.576029,3.676094,3.748558,3.836762,3.996921,4.086507,4.186944,4.445701,4.967848,5.131283,5.220676,5.304751,5.463075,5.661615,5.748254,6.034773,6.521018,6.679953,6.933488,7.078043,7.094735,7.370524,7.460661,8.301178,8.497700,8.730813,8.826419,9.338534,9.584720,9.927668,10.048374,10.095354,10.197705,10.686578,10.888616,10.983321,11.147548,11.244217,11.342411,11.449976,11.540547,13.472987,13.506223,13.533478,14.060965,14.119998,14.332235,14.473607,14.625539,14.908130,14.984723,15.242578,16.088935,16.170880,16.245385,16.600763,16.849652,17.155244,17.215413,17.876295,17.929412,18.030397,18.378070,18.414678,22.072969,23.379188,23.438755,23.537544
0.203122,0.619971,0.710578,0.962646,1.263575,1.153375,1.347941,1.517719,1.438202,1.610932,1.641731,1.757702,1.866259,1.942251,2.016598,2.104584,2.290017,2.486570,2.434732,2.545684,2.630500,2.634505,2.930004,2.954136,3.068319,3.088317,3.132252,3.182070,3.272799,3.259458,3.352198,3.530158,3.592539,3.682480,3.749350,3.827174,4.000637,4.095690,4.171682,4.437529,4.992238,5.117581,5.238966,5.297125,5.477191,5.648277,5.726561,6.069003,6.540675,6.682087,6.912704,7.046885,7.079958,7.378513,7.468171,8.300210,8.504067,8.707045,8.786278,9.351950,9.568567,9.929209,10.051614,10.033247,10.180281,10.711396,10.912127,10.977187,11.130441,11.222436,11.334803,11.435463,11.519788,13.475961,13.506874,13.532687,14.069812,14.124734,14.335602,14.470655,14.547783,14.920713,14.986982,15.210407,16.081041,16.148031,16.206287,16.600620,16.861632,17.130638,17.176142,17.887035,17.934929,18.022709,18.381253,18.415219,22.072918,23.378803,23.437440,23.515801
0.206548,0.559007,0.645530,0.873412,1.278044,1.179162,1.352678,1.515334,1.447190,1.611974,1.643821,1.756089,1.848100,1.946337,2.017641,2.076790,2.295406,2.505367,2.446875,2.550261,2.619572,2.638234,2.924275,2.939042,3.068329,3.087001,3.124989,3.175873,3.256615,3.244233,3.321162,3.552337,3.609518,3.689253,3.750311,3.818000,4.004096,4.098821,4.160097,4.419873,5.014857,5.102883,5.255307,5.290548,5.491262,5.637087,5.706307,6.107166,6.547160,6.696537,6.884372,7.018255,7.061573,7.388499,7.473593,8.300351,8.510278,8.682928,8.747263,9.365335,9.552773,9.893202,10.047889,10.002683,10.171944,10.736584,10.933735,10.971282,11.118506,11.200274,11.327930,11.420771,11.498128,13.479425,13.507636,13.531685,14.078926,14.128288,14.332631,14.467824,14.482504,14.934922,14.989606,15.178047,16.072720,16.126011,16.170120,16.602514,16.872373,17.105754,17.137671,17.897996,17.940244,18.013690,18.384251,18.414489,22.073026,23.379023,23.435448,23.494888
0.209975,0.494042,0.576536,0.775489,1.294257,1.209474,1.357268,1.514594,1.459549,1.611110,1.647858,1.753067,1.827734,1.953976,2.019627,2.048582,2.306050,2.519299,2.459279,2.556770,2.608340,2.645375,2.900685,2.936721,3.063790,3.085180,3.117791,3.169764,3.242097,3.231009,3.290699,3.575703,3.626603,3.696111,3.751023,3.808994,4.007199,4.093288,4.153213,4.394476,5.032112,5.092700,5.263184,5.289161,5.505594,5.627922,5.687901,6.148684,6.543069,6.721314,6.847291,6.996817,7.038849,7.399282,7.475991,8.301539,8.516258,8.659030,8.710249,9.378557,9.537585,9.818664,10.046380,10.002696,10.169098,10.761957,10.949132,10.970880,11.110875,11.177983,11.322054,11.405941,11.475798,13.483305,13.508524,13.530456,14.087967,14.130650,14.313402,14.466333,14.441319,14.948971,14.992497,15.146316,16.064170,16.105247,16.137320,16.606136,16.882083,17.081028,17.100758,17.908991,17.945142,18.003934,18.386953,18.412659,22.073272,23.379889,23.432789,23.475287
0.213401,0.425471,0.504090,0.672328,1.311525,1.240084,1.360753,1.516788,1.475302,1.610841,1.651038,1.748581,1.806297,1.959775,2.019307,2.026597,2.322523,2.528747,2.471813,2.563836,2.598538,2.654024,2.872947,2.934990,3.052142,3.084045,3.110706,3.162645,3.230600,3.220498,3.262403,3.599434,3.643485,3.702782,3.751112,3.799848,4.009888,4.081297,4.146271,4.365638,5.034715,5.097391,5.260687,5.293588,5.520374,5.620607,5.671679,6.192938,6.533585,6.751453,6.803268,6.981704,7.013917,7.409666,7.474935,8.303636,8.521952,8.635971,8.676089,9.391446,9.523206,9.735770,10.045052,10.010761,10.170067,10.787455,10.951610,10.982625,11.106632,11.156152,11.317456,11.391175,11.453052,13.487509,13.509502,13.528984,14.096621,14.131902,14.275921,14.464538,14.428984,14.962034,14.995562,15.116053,16.055657,16.086129,16.108252,16.611160,16.891030,17.056673,17.066380,17.919757,17.949465,17.994053,18.389285,18.409975,22.073621,23.381419,23.429495,23.457433
0.216827,0.353729,0.428719,0.565448,1.328787,1.268332,1.362364,1.523578,1.493791,1.611879,1.653399,1.742058,1.784265,1.952321,2.010120,2.027542,2.345058,2.535321,2.484263,2.569305,2.591136,2.660878,2.847127,2.931189,3.032963,3.083843,3.104052,3.152511,3.221904,3.213430,3.238726,3.622952,3.659871,3.709018,3.750269,3.790234,4.012141,4.066989,4.132127,4.339813,5.023802,5.116607,5.254873,5.296261,5.535525,5.614953,5.657738,6.239340,6.522434,6.785972,6.752366,6.970595,6.989023,7.418810,7.470526,8.306432,8.527342,8.614438,8.645531,9.403832,9.509785,9.656811,10.043808,10.019463,10.173653,10.813131,10.949788,10.996397,11.105025,11.136097,11.314407,11.376854,11.430210,13.491928,13.510503,13.527244,14.104604,14.132216,14.233762,14.463138,14.431286,14.973663,14.998675,15.088114,16.047513,16.069021,16.083228,16.617196,16.899529,17.031226,17.037185,17.929952,17.953119,17.984630,18.391210,18.406750,22.074032,23.383611,23.425603,23.441735
0.220253,0.279252,0.350979,0.455736,1.344111,1.292668,1.361910,1.536836,1.513556,1.613096,1.657210,1.732640,1.762110,1.928272,2.014776,2.031184,2.373511,2.540177,2.496316,2.570216,2.589056,2.659259,2.830114,2.924560,3.007971,3.084142,3.098241,3.137532,3.215319,3.209452,3.222413,3.645820,3.675474,3.714594,3.748247,3.779823,4.013983,4.053005,4.107742,4.322344,5.009410,5.140975,5.249117,5.293945,5.550721,5.610762,5.645818,6.287383,6.511706,6.817830,6.701475,6.961036,6.966576,7.426267,7.463449,8.309628,8.532476,8.595181,8.619138,9.415574,9.497392,9.587451,10.042687,10.027029,10.178698,10.839103,10.948030,11.004624,11.105329,11.120402,11.313189,11.363529,11.407704,13.496448,13.511447,13.525205,14.111660,14.131834,14.196136,14.462012,14.438515,14.983597,15.001663,15.063361,16.040114,16.054272,16.062512,16.623740,16.907937,17.004386,17.014661,17.939182,17.956053,17.976183,18.392726,18.403345,22.074458,23.386440,23.421082,23.428636
0.223679,0.202370,0.271415,0.343812,1.354664,1.312874,1.360166,1.556169,1.534070,1.612795,1.664723,1.719620,1.740763,1.899344,2.024102,2.034719,2.407331,2.543751,2.507558,2.565835,2.593416,2.642838,2.828256,2.914927,2.979421,3.084631,3.093561,3.119179,3.210478,3.207516,3.213531,3.667699,3.690015,3.719298,3.744851,3.768321,4.015484,4.040793,4.077069,4.313591,4.996041,5.166523,5.244324,5.286333,5.565540,5.607827,5.635316,6.336682,6.502567,6.848610,6.648715,6.954004,6.945669,7.431906,7.454972,8.312840,8.537508,8.578997,8.597211,9.426600,9.486009,9.531088,10.041750,10.032961,10.184057,10.865458,10.946731,11.002826,11.106682,11.112351,11.314149,11.351902,11.386129,13.500956,13.512260,13.522825,14.117566,14.131023,14.166144,14.461113,14.446611,14.991720,15.004316,15.042618,16.033852,16.042229,16.046305,16.630145,16.916638,16.981144,16.994998,17.947035,17.958241,17.969151,18.393854,18.400147,22.074851,23.389858,23.415410,23.419033
0.227106,0.122948,0.190450,0.230197,1.360856,1.329488,1.356022,1.576897,1.556233,1.610766,1.675232,1.704073,1.721206,1.872457,2.032581,2.037620,2.445551,2.546141,2.517481,2.559826,2.599781,2.613055,2.840873,2.903469,2.949232,3.085163,3.090119,3.102132,3.207594,3.206657,3.209093,3.688321,3.703231,3.722917,3.739930,3.755486,4.016797,4.031176,4.048032,4.310375,4.985554,5.191743,5.240797,5.273953,5.579604,5.605932,5.625429,6.386976,6.495682,6.876324,6.595536,6.944629,6.931070,7.435783,7.446835,8.315621,8.542758,8.566683,8.579731,9.436934,9.475508,9.489773,10.041049,10.037159,10.188702,10.892148,10.945824,10.989997,11.108807,11.111411,11.317741,11.342763,11.366243,13.505344,13.512880,13.520072,14.122156,14.130011,14.144645,14.460439,14.453584,14.998102,15.006412,15.026545,16.029095,16.033241,16.034723,16.635628,16.926028,16.963382,16.977462,17.953145,17.959646,17.963879,18.394626,18.397532,22.075167,23.393795,23.408879,23.412965
0.230532,0.035706,0.107843,0.115428,1.359383,1.342931,1.353969,1.592253,1.578787,1.606979,1.684817,1.692225,1.703751,1.852625,2.038222,2.039522,2.486775,2.546953,2.525221,2.554316,2.607039,2.573970,2.862678,2.893515,2.918836,3.085734,3.087849,3.090554,3.206402,3.206269,3.206846,3.707473,3.714891,3.725226,3.733392,3.741156,4.018240,4.024490,4.027720,4.309609,4.978925,5.215773,5.238652,5.257563,5.592650,5.604885,5.615372,6.438110,6.491427,6.899860,6.542521,6.933353,6.921884,7.438029,7.440927,8.317521,8.548768,8.558953,8.566331,9.446716,9.465704,9.464596,10.040617,10.039647,10.191828,10.918897,10.945272,10.969522,11.111661,11.112486,11.324495,11.336885,11.348900,13.509518,13.513267,13.516928,14.125400,14.128890,14.131782,14.460014,14.458237,15.003190,15.007757,15.015341,16.026170,16.027596,16.027812,16.639365,16.936490,16.952197,16.961960,17.957289,17.960158,17.960617,18.395074,18.395817,22.075371,23.398164,23.404399,23.407802
0.233958,-0.000654,-0.000654,-0.000654,1.353110,1.353110,1.353110,1.597295,1.597295,1.597295,1.690948,1.690948,1.690948,1.845101,2.040183,2.040183,2.528547,2.551749,2.528547,2.551749,2.609400,2.528547,2.889476,2.889476,2.889476,3.086515,3.086515,3.086515,3.206134,3.206134,3.206134,3.726269,3.726269,3.726269,3.723747,3.723747,4.020471,4.020471,4.020471,4.309534,4.976662,5.237933,5.237933,5.237933,5.604552,5.604552,5.604552,6.489990,6.489990,6.918761,6.489990,6.918761,6.918761,7.438763,7.438763,8.318199,8.556314,8.556314,8.556314,9.456191,9.456191,9.456191,10.040471,10.040471,10.192928,10.945084,10.945084,10.945084,11.113015,11.113015,11.334852,11.334852,11.334852,13.513399,13.513399,13.513399,14.127500,14.127500,14.127500,14.459867,14.459867,15.008219,15.008219,15.008219,16.025456,16.025456,16.025456,16.640697,16.948371,16.948371,16.948371,17.959513,17.959513,17.959513,18.395221,18.395221,22.075442,23.402865,23.402865,23.402865
0.233958,-0.000654,-0.000654,-0.000654,1.353110,1.353110,1.353110,1.597295,1.597295,1.597295,1.690948,1.690948,1.690948,1.845101,2.040183,2.040183,2.528547,2.528547,2.528547,2.551749,2.551749,2.609400,2.889476,2.889476,2.889476,3.086515,3.086515,3.086515,3.206134,3.206134,3.206134,3.723747,3.723747,3.726269,3.726269,3.726269,4.020471,4.020471,4.020471,4.309534,4.976662,5.237933,5.237933,5.237933,5.604552,5.604552,5.604552,6.489990,6.489990,6.489990,6.918761,6.918761,6.918761,7.438763,7.438763,8.318199,8.556314,8.556314,8.556314,9.456191,9.456191,9.456191,10.040471,10.040471,10.192928,10.945084,10.945084,10.945084,11.113015,11.113015,11.334852,11.334852,11.334852,13.513399,13.513399,13.513399,14.127500,14.127500,14.127500,14.459867,14.459867,15.008219,15.008219,15.008219,16.025456,16.025456,16.025456,16.640697,16.948371,16.948371,16.948371,17.959513,17.959513,17.959513,18.395221,18.395221,22.075442,23.402865,23.402865,23.402865
0.238154,0.127285,0.059571,0.139871,1.340021,1.354857,1.359835,1.575879,1.588202,1.606420,1.691450,1.705252,1.688812,1.856276,2.038238,2.038195,2.476599,2.528953,2.583903,2.554368,2.542341,2.605960,2.894170,2.926100,2.858014,3.088404,3.085842,3.092170,3.206410,3.206838,3.206862,3.710877,3.737005,3.743402,3.704372,3.724415,4.032226,4.024923,4.017703,4.309690,4.980040,5.238924,5.210554,5.261609,5.606319,5.589322,5.616922,6.492874,6.426175,6.554041,6.894174,6.934742,6.925603,7.439753,7.439888,8.317185,8.569567,8.548404,8.558631,9.467252,9.469833,9.444140,10.039885,10.040057,10.191277,10.912797,10.945889,10.974120,11.111175,11.112164,11.352968,11.323320,11.336821,13.513239,13.508595,13.517641,14.124772,14.134463,14.128636,14.458695,14.458813,15.017792,15.003839,15.005471,16.028297,16.026712,16.029169,16.638714,16.953668,16.965456,16.934270,17.959711,17.961675,17.956445,18.395565,18.395543,22.075336,23.408867,23.397096,23.405286
0.242351,0.227773,0.162072,0.279175,1.322105,1.359542,1.357665,1.554770,1.564191,1.597545,1.694659,1.720565,1.704348,1.885032,2.032728,2.032392,2.426630,2.529020,2.627285,2.556354,2.534264,2.599286,2.904283,2.964173,2.837585,3.091863,3.086048,3.108025,3.207992,3.209026,3.209402,3.695744,3.747379,3.758716,3.680945,3.719102,4.063815,4.031008,4.016587,4.311567,4.989751,5.241914,5.180649,5.280342,5.612173,5.571780,5.626122,6.501453,6.362672,6.617991,6.862194,6.942505,6.945401,7.441882,7.442807,8.314362,8.588230,8.545672,8.565313,9.477434,9.510318,9.431061,10.037864,10.039236,10.186565,10.880079,10.948574,10.994194,11.105250,11.113978,11.376232,11.318576,11.342547,13.512821,13.503391,13.521197,14.121148,14.155477,14.127574,14.455107,14.456033,15.032534,15.004344,14.997389,16.035467,16.031719,16.040155,16.633308,16.968991,16.985690,16.922772,17.956941,17.968050,17.950798,18.396525,18.396350,22.075034,23.414927,23.391783,23.412432
0.246547,0.325419,0.258380,0.417216,1.300139,1.365845,1.344402,1.540894,1.532400,1.581998,1.701660,1.731364,1.726971,1.923583,2.024502,2.023381,2.382878,2.525884,2.651979,2.557028,2.523424,2.596726,2.913132,3.000370,2.837426,3.097181,3.086894,3.129416,3.213582,3.213055,3.214772,3.679755,3.755919,3.771385,3.655123,3.710889,4.103928,4.038587,4.017023,4.320044,5.004556,5.246887,5.149349,5.292893,5.623662,5.552498,5.632193,6.515510,6.299429,6.681084,6.825079,6.944080,6.976026,7.443472,7.445885,8.310317,8.612139,8.547939,8.575634,9.486929,9.576046,9.416977,10.034119,10.038741,10.179530,10.848209,10.953914,10.998348,11.095700,11.126157,11.402654,11.319650,11.351536,13.512294,13.497971,13.523977,14.117332,14.190868,14.123881,14.449229,14.452250,15.052072,15.009180,14.984435,16.047055,16.040060,16.057991,16.625827,16.992936,17.009005,16.913317,17.951287,17.978308,17.943035,18.397837,18.397250,22.074578,23.420920,23.387180,23.423954
0.250743,0.419860,0.350550,0.553084,1.274805,1.372185,1.320884,1.535781,1.499514,1.568320,1.711481,1.735001,1.749082,1.966777,2.014866,2.012182,2.347658,2.518122,2.652122,2.556753,2.510399,2.602490,2.917585,3.030968,2.861158,3.104489,3.088377,3.147863,3.228014,3.219516,3.224723,3.663541,3.762650,3.781670,3.627269,3.700370,4.135501,4.047432,4.018879,4.342948,5.022610,5.253603,5.117783,5.298223,5.642984,5.531858,5.635472,6.534694,6.236404,6.741844,6.785488,6.942798,7.014196,7.442853,7.446802,8.305841,8.640784,8.555034,8.588601,9.496035,9.663488,9.401972,10.028487,10.039391,10.171480,10.817667,10.963122,10.987131,11.083408,11.149276,11.430301,11.325172,11.363124,13.511822,13.492534,13.525926,14.113998,14.241020,14.117405,14.441416,14.448256,15.075740,15.017679,14.967314,16.062989,16.051291,16.082087,16.617908,17.023828,17.035094,16.905211,17.942974,17.991918,17.933755,18.399068,18.397688,22.074033,23.426776,23.383565,23.439295
0.254939,0.510217,0.437989,0.685558,1.247230,1.376287,1.291172,1.536931,1.471493,1.559907,1.722646,1.730605,1.767714,2.011596,2.005514,1.999919,2.322169,2.507567,2.636159,2.555955,2.495433,2.615409,2.917844,3.051924,2.898426,3.113676,3.091059,3.158087,3.253371,3.229179,3.241128,3.647790,3.767669,3.790058,3.597889,3.688083,4.147196,4.057236,4.022038,4.382013,5.041977,5.261355,5.087090,5.295794,5.672349,5.509909,5.636365,6.558532,6.173668,6.797255,6.746008,6.943343,7.055936,7.438816,7.443396,8.301783,8.673248,8.566738,8.603141,9.505165,9.766098,9.386193,10.020901,10.042007,10.164614,10.788412,10.977751,10.967221,11.069135,11.177539,11.457533,11.334029,11.376625,13.511506,13.487272,13.527008,14.111755,14.306057,14.108364,14.432150,14.444742,15.102665,15.029180,14.946972,16.083051,16.064977,16.111774,16.611179,17.060113,17.063420,16.897673,17.932327,18.008179,17.923629,18.399688,18.397017,22.073476,23.432479,23.381217,23.457725
0.259136,0.595569,0.519816,0.812961,1.219118,1.373922,1.259951,1.540725,1.455574,1.557756,1.733806,1.719218,1.781470,2.056039,1.998363,1.987367,2.306403,2.496263,2.613556,2.555052,2.478546,2.632806,2.915218,3.060491,2.938248,3.124291,3.096031,3.162756,3.285537,3.242870,3.264340,3.633120,3.771131,3.797295,3.567677,3.674523,4.142080,4.067649,4.026473,4.426766,5.061337,5.268933,5.058393,5.285859,5.713143,5.486346,5.635079,6.586428,6.111457,6.840895,6.708925,6.953124,7.097254,7.430765,7.434290,8.298951,8.708236,8.582708,8.618236,9.514866,9.872842,9.369850,10.011374,10.047312,10.163176,10.760032,10.999537,10.943566,11.053380,11.206456,11.483008,11.345551,11.391448,13.511331,13.482357,13.527191,14.111140,14.385226,14.097397,14.421936,14.442185,15.131861,15.043114,14.924735,16.106900,16.080709,16.146335,16.607261,17.100492,17.093247,16.889892,17.919721,18.026248,17.913347,18.399139,18.394569,22.072985,23.438059,23.380401,23.478380
0.263332,0.675085,0.595041,0.932801,1.192496,1.363145,1.231054,1.543861,1.456647,1.561529,1.743926,1.703771,1.789642,2.098659,1.995226,1.974760,2.299227,2.485093,2.589111,2.554447,2.459526,2.652520,2.911085,3.058130,2.975017,3.135512,3.102841,3.165678,3.320571,3.261153,3.292360,3.619918,3.773253,3.804356,3.537588,3.660168,4.127480,4.078316,4.032323,4.465986,5.080347,5.275028,5.032736,5.269548,5.765342,5.460626,5.631486,6.617674,6.050152,6.865157,6.676137,6.979889,7.134810,7.418672,7.419155,8.298062,8.744166,8.602419,8.632989,9.525800,9.965565,9.353211,9.999986,10.055836,10.176746,10.731846,11.030037,10.918713,11.036385,11.233637,11.505634,11.359367,11.407156,13.511158,13.477921,13.526431,14.112607,14.475730,14.085550,14.411238,14.440795,15.162304,15.059054,14.902950,16.134110,16.098117,16.184920,16.607966,17.143926,17.123685,16.881078,17.905552,18.045198,17.903563,18.396889,18.389725,22.072633,23.443587,23.381352,23.500310
0.267528,0.748092,0.662572,1.040807,1.169316,1.351355,1.207457,1.543373,1.471155,1.570022,1.752360,1.688364,1.792243,2.138417,1.997290,1.962054,2.298680,2.474274,2.565128,2.554511,2.438127,2.672811,2.906680,3.048305,3.006397,3.146300,3.110345,3.168873,3.356765,3.283829,3.322237,3.608222,3.774326,3.812274,3.508929,3.645529,4.108225,4.088959,4.039977,4.494237,5.099285,5.278783,5.011012,5.248681,5.827652,5.432181,5.625189,6.651455,5.990180,6.873905,6.649139,7.019132,7.166353,7.402931,7.398676,8.299700,8.779311,8.625175,8.646669,9.538715,10.021627,9.336588,9.986893,10.067841,10.219406,10.703011,11.069897,10.893960,11.018167,11.257908,11.524546,11.375131,11.423461,13.510758,13.474052,13.524661,14.116520,14.570024,14.074192,14.400454,14.440541,15.192980,15.076719,14.887177,16.164211,16.116858,16.226326,16.615554,17.189599,17.153758,16.870512,17.890217,18.064062,17.894826,18.392487,18.381973,22.072475,23.449161,23.384255,23.522515
0.271724,0.814123,0.721227,1.128572,1.151159,1.350031,1.191562,1.537004,1.494648,1.581358,1.758920,1.676748,1.790270,2.174614,2.004626,1.949307,2.302387,2.463848,2.542725,2.555516,2.414493,2.692166,2.903082,3.033327,3.031539,3.155709,3.118404,3.173281,3.393290,3.309570,3.351663,3.597731,3.774728,3.821761,3.483498,3.631260,4.087047,4.099465,4.050131,4.510463,5.118345,5.280049,4.993917,5.225410,5.898208,5.400691,5.615734,6.686852,5.931864,6.876256,6.629019,7.060496,7.190816,7.384219,7.374338,8.304296,8.811958,8.650156,8.658720,9.554364,10.041988,9.320315,9.972345,10.083287,10.283997,10.672619,11.117928,10.869981,10.998564,11.278921,11.539115,11.392250,11.440192,13.509873,13.470785,13.521799,14.123140,14.648902,14.064877,14.389902,14.441210,15.222927,15.095955,14.892834,16.196711,16.136605,16.268749,16.632914,17.236886,17.182484,16.857581,17.874104,18.081894,17.887523,18.385597,18.370970,22.072546,23.454893,23.389231,23.543992
0.275921,0.872915,0.769909,1.182868,1.139116,1.371787,1.185207,1.524495,1.525320,1.592986,1.764025,1.670367,1.785722,2.206792,2.016092,1.936809,2.307991,2.453966,2.522190,2.557519,2.389594,2.709341,2.901205,3.014807,3.049804,3.163231,3.127040,3.179280,3.429126,3.335994,3.379434,3.587985,3.774909,3.832745,3.463727,3.618427,4.065595,4.109969,4.063772,4.515874,5.137117,5.279349,4.981935,5.201837,5.975211,5.366336,5.602802,6.722836,5.875287,6.876474,6.616467,7.098076,7.208152,7.363368,7.348151,8.312106,8.840567,8.676484,8.668775,9.573377,10.046726,9.304721,9.956730,10.101821,10.348223,10.639801,11.170711,10.847111,10.977307,11.296937,11.548966,11.409830,11.457211,13.508266,13.468117,13.517782,14.132596,14.682369,14.059171,14.379839,14.442476,15.251264,15.116697,14.944494,16.231116,16.157037,16.309787,16.663334,17.285311,17.208971,16.841818,17.857585,18.097840,17.881801,18.376018,18.356592,22.072856,23.460901,23.396330,23.563769
0.280117,0.924325,0.808089,1.202821,1.133813,1.414954,1.189266,1.507853,1.562037,1.601703,1.769031,1.667964,1.781290,2.234618,2.029573,1.924973,2.313529,2.445104,2.503261,2.560208,2.365384,2.723511,2.901746,2.994109,3.059816,3.169196,3.136148,3.186845,3.462144,3.359986,3.405252,3.578597,3.775361,3.844133,3.452621,3.609142,4.044951,4.120911,4.081997,4.512569,5.154419,5.277835,4.975359,5.179721,6.057179,5.329938,5.586340,6.758233,5.820229,6.875914,6.611776,7.128622,7.219049,7.341273,7.322415,8.323216,8.863908,8.703263,8.676671,9.596089,10.046736,9.290102,9.940642,10.122780,10.402724,10.603831,11.223497,10.825485,10.954110,11.312517,11.554008,11.426843,11.474279,13.505771,13.466011,13.512625,14.144854,14.672979,14.058463,14.370468,14.443974,15.277216,15.138919,15.033254,16.266924,16.177823,16.347149,16.709400,17.334501,17.232510,16.822913,17.841022,18.111204,17.877492,18.363702,18.338986,22.073389,23.467288,23.405521,23.580936
0.284313,0.968190,0.836394,1.205992,1.135559,1.460074,1.203033,1.489722,1.601466,1.604178,1.776739,1.667434,1.779590,2.257738,2.042292,1.914137,2.317693,2.438238,2.485541,2.562810,2.344611,2.734407,2.905134,2.972420,3.059469,3.174960,3.145633,3.195574,3.487876,3.378607,3.429290,3.569388,3.776523,3.854118,3.452609,3.607711,4.025902,4.133019,4.105586,4.502725,5.168313,5.277353,4.974304,5.160303,6.142882,5.292958,5.566606,6.791694,5.766231,6.875070,6.614849,7.149581,7.224653,7.318837,7.299574,8.337542,8.881156,8.729575,8.682472,9.622331,10.045815,9.276695,9.924999,10.145176,10.447325,10.564271,11.271960,10.805124,10.928776,11.326235,11.554444,11.442362,11.490891,13.502318,13.464417,13.506482,14.159674,14.644140,14.063796,14.361950,14.445354,15.300144,15.162584,15.129541,16.303617,16.198624,16.379833,16.771331,17.384117,17.252652,16.800728,17.824762,18.121536,17.874046,18.348754,18.318611,22.074105,23.474134,23.416693,23.594679
0.288510,1.004266,0.856676,1.204936,1.144411,1.495470,1.224094,1.472084,1.636445,1.598382,1.791172,1.667484,1.781688,2.275692,2.051370,1.904369,2.319903,2.434850,2.468935,2.564181,2.330164,2.742380,2.911474,2.950730,3.047562,3.181922,3.155546,3.204724,3.500525,3.391914,3.451705,3.560387,3.778674,3.860917,3.462209,3.619623,4.009090,4.147189,4.134465,4.488159,5.176465,5.280221,4.978713,5.144244,6.231194,5.257355,5.544169,6.821653,5.712755,6.874310,6.625222,7.158658,7.226355,7.296928,7.281864,8.354836,8.891905,8.754457,8.686522,9.651175,10.045266,9.264663,9.911251,10.167594,10.484665,10.521233,11.313573,10.785998,10.901298,11.338520,11.550750,11.455692,11.506146,13.497956,13.463288,13.499668,14.176582,14.607113,14.075757,14.354410,14.446320,15.319577,15.187594,15.217263,16.340642,16.219088,16.408479,16.846215,17.433787,17.269252,16.775298,17.809139,18.128719,17.870496,18.331421,18.296272,22.074942,23.481486,23.429651,23.604308
0.292706,1.032504,0.871255,1.204752,1.159918,1.518395,1.249000,1.456148,1.661198,1.584728,1.814033,1.668050,1.786020,2.288105,2.055041,1.895401,2.320186,2.436470,2.454082,2.563088,2.323627,2.748414,2.920509,2.929809,3.025350,3.190184,3.166063,3.213331,3.500346,3.403218,3.472149,3.551914,3.781832,3.863375,3.475814,3.644234,3.995102,4.164270,4.167445,4.470161,5.177477,5.287988,4.988301,5.131663,6.320974,5.225400,5.519854,6.846358,5.659374,6.874031,6.642106,7.154998,7.225614,7.276360,7.269950,8.374653,8.896099,8.776865,8.689527,9.680593,10.045490,9.254086,9.901732,10.187884,10.517616,10.475863,11.347888,10.768077,10.871908,11.349618,11.543627,11.466398,11.518836,13.492849,13.462584,13.492626,14.194859,14.566110,14.094454,14.347913,14.446663,15.335252,15.213755,15.289443,16.377386,16.238861,16.434440,16.928809,17.483038,17.282460,16.746826,17.794472,18.133075,17.865498,18.312083,18.273118,22.075828,23.489342,23.444128,23.609298
0.296902,1.053578,0.882020,1.207560,1.180612,1.528637,1.274037,1.442811,1.677503,1.565393,1.840915,1.670008,1.789244,2.295276,2.053989,1.886751,2.318938,2.443583,2.442857,2.558580,2.323431,2.754095,2.931580,2.910205,2.995776,3.198882,3.177312,3.220390,3.493515,3.414825,3.489093,3.545135,3.785735,3.861085,3.488662,3.674984,3.984438,4.184778,4.202418,4.449492,5.172072,5.300252,5.002459,5.122254,6.410994,5.199491,5.494679,6.863988,5.605946,6.874503,6.664427,7.140556,7.223788,7.257888,7.261680,8.396242,8.893917,8.795663,8.692690,9.707107,10.046515,9.244975,9.900045,10.202359,10.548434,10.431331,11.375952,10.751384,10.841089,11.359618,11.533927,11.474281,11.527778,13.487278,13.462284,13.485849,14.213583,14.523113,14.119580,14.342419,14.446274,15.347157,15.240760,15.343496,16.413167,16.257574,16.458740,17.012861,17.531287,17.292666,16.715686,17.781064,18.135463,17.857463,18.291213,18.250566,22.076684,23.497655,23.459786,23.609321
0.301098,1.068822,0.890059,1.214314,1.204107,1.527481,1.295272,1.433494,1.690035,1.543001,1.865538,1.674568,1.788028,2.298511,2.051035,1.877997,2.316691,2.454788,2.438561,2.550267,2.324606,2.761491,2.943627,2.892267,2.962028,3.207082,3.189127,3.225099,3.484911,3.427133,3.498660,3.543342,3.789934,3.854224,3.498437,3.706722,3.977386,4.208666,4.236770,4.426511,5.162140,5.315561,5.020139,5.115441,6.499916,5.181960,5.469740,6.872930,5.552789,6.875442,6.690881,7.118508,7.221909,7.242211,7.254096,8.418360,8.885649,8.809651,8.697907,9.726445,10.048199,9.237295,9.910430,10.204476,10.578567,10.394276,11.399501,10.736037,10.809531,11.368469,11.522562,11.479343,11.532185,13.481620,13.462379,13.479784,14.231726,14.479344,14.150507,14.337686,14.445151,15.355579,15.268184,15.379304,16.447225,16.274826,16.481678,17.092044,17.577911,17.300401,16.682430,17.769193,18.137340,17.844847,18.269352,18.230089,22.077442,23.506322,23.476230,23.604278
0.305295,1.079514,0.895822,1.225287,1.227813,1.517973,1.308033,1.431041,1.700816,1.520064,1.884557,1.682585,1.780367,2.299581,2.049023,1.869088,2.313928,2.467292,2.443912,2.538398,2.322145,2.772788,2.955257,2.876182,2.926987,3.214081,3.200890,3.227129,3.477241,3.439802,3.497647,3.549139,3.793935,3.843441,3.504356,3.736617,3.973801,4.235240,4.267752,4.401389,5.149317,5.332769,5.039896,5.110545,6.586254,5.174618,5.446112,6.872133,5.500933,6.875198,6.719993,7.091643,7.220498,7.229993,7.245846,8.439057,8.871612,8.817652,8.707930,9.736602,10.050313,9.231029,9.934671,10.186616,10.608674,10.373020,11.420373,10.722293,10.778089,11.376006,11.510434,11.481762,11.531880,13.476318,13.462872,13.474759,14.248337,14.435712,14.186394,14.333135,14.443407,15.361134,15.295507,15.398095,16.478742,16.290121,16.502934,17.160431,17.622417,17.306217,16.647844,17.759108,18.140732,17.826574,18.247064,18.212875,22.078045,23.515188,23.493024,23.594334
0.309491,1.086509,0.899487,1.240110,1.249293,1.503789,1.308293,1.438294,1.709925,1.499051,1.897389,1.694108,1.766149,2.300072,2.049009,1.860601,2.310974,2.478283,2.457477,2.523745,2.315672,2.789605,2.964901,2.862023,2.893248,3.219372,3.211517,3.226840,3.472052,3.452292,3.490145,3.557956,3.797304,3.829857,3.506524,3.763034,3.972943,4.263275,4.292784,4.374371,5.134631,5.351308,5.060389,5.106932,6.668288,5.177482,5.424739,6.861354,5.452700,6.869320,6.750184,7.063927,7.219604,7.221878,7.237089,8.455788,8.852126,8.818679,8.726177,9.739868,10.052579,9.226234,9.970008,10.149734,10.638706,10.367709,11.440198,10.710563,10.747772,11.381944,11.498374,11.481872,11.527336,13.471831,13.463771,13.470941,14.262709,14.392965,14.226242,14.327765,14.441286,15.364750,15.322140,15.401678,16.506881,16.302752,16.521859,17.212834,17.664581,17.310537,16.613046,17.751013,18.148019,17.802456,18.224899,18.199486,22.078465,23.524050,23.509697,23.579925
0.313687,1.090370,0.901298,1.257666,1.266124,1.488089,1.296443,1.453919,1.717470,1.482560,1.904596,1.708386,1.746780,2.301343,2.050174,1.853896,2.307946,2.486081,2.474583,2.507382,2.308649,2.812273,2.971128,2.849813,2.863289,3.222603,3.219585,3.225243,3.470158,3.463702,3.480788,3.564845,3.799708,3.815057,3.505832,3.784856,3.973489,4.291248,4.309795,4.346052,5.118659,5.370961,5.081130,5.104106,6.743822,5.186407,5.406383,6.841128,5.413081,6.849392,6.779850,7.042755,7.219288,7.218508,7.228489,8.466261,8.827532,8.812165,8.755773,9.740042,10.054680,9.223099,10.011826,10.103538,10.668008,10.369744,11.459941,10.701407,10.719770,11.385882,11.487109,11.480158,11.519933,13.468570,13.465086,13.468340,14.274157,14.351754,14.268868,14.320520,14.439240,15.367592,15.347468,15.391991,16.530851,16.311616,16.537741,17.245351,17.704328,17.313482,16.579660,17.745057,18.161500,17.773398,18.203357,18.189732,22.078698,23.532666,23.525769,23.561756
0.317883,1.091566,0.901747,1.275989,1.275989,1.473127,1.275989,1.473127,1.724309,1.473127,1.906856,1.724309,1.724309,2.304726,2.050895,1.851097,2.304726,2.490469,2.490469,2.490469,2.304726,2.839596,2.973171,2.839596,2.839596,3.223584,3.223584,3.223584,3.471800,3.471800,3.471800,3.567413,3.800915,3.800915,3.504638,3.800915,3.973933,4.317577,4.317577,4.317577,5.101708,5.391641,5.101708,5.101708,6.807465,5.191733,5.391641,6.814801,5.391641,6.807465,6.807465,7.035364,7.220510,7.220510,7.220510,8.469637,8.798232,8.798232,8.798232,9.739767,10.056284,9.221959,10.056284,10.056284,10.695467,10.371547,11.477233,10.695467,10.695467,11.387316,11.477233,11.477233,11.514450,13.466829,13.466829,13.466829,14.279866,14.312663,14.312663,14.312663,14.438183,15.370896,15.370896,15.370896,16.549996,16.315036,16.549996,17.256169,17.741318,17.314664,16.549996,17.741318,18.182860,17.741318,18.182860,18.182860,22.078766,23.540764,23.540764,23.540764
0.317883,0.901747,1.091566,1.275989,1.275989,1.275989,1.473127,1.473127,1.473127,1.724309,1.724309,1.724309,1.851097,1.906856,2.050895,2.304726,2.304726,2.304726,2.490469,2.490469,2.490469,2.839596,2.839596,2.839596,2.973171,3.223584,3.223584,3.223584,3.471800,3.471800,3.471800,3.504638,3.567413,3.800915,3.800915,3.800915,3.973933,4.317577,4.317577,4.317577,5.101708,5.101708,5.101708,5.191733,5.391641,5.391641,5.391641,6.807465,6.807465,6.807465,6.814801,7.035364,7.220510,7.220510,7.220510,8.469637,8.798232,8.798232,8.798232,9.221959,9.739767,10.056284,10.056284,10.056284,10.371547,10.695467,10.695467,10.695467,11.387316,11.477233,11.477233,11.477233,11.514450,13.466829,13.466829,13.466829,14.279866,14.312663,14.312663,14.312663,14.438183,15.370896,15.370896,15.370896,16.315036,16.549996,16.549996,16.549996,17.256169,17.314664,17.741318,17.741318,17.741318,18.182860,18.182860,18.182860,22.078766,23.540764,23.540764,23.540764
0.322080,0.901578,1.090438,1.249845,1.277762,1.292365,1.460221,1.472208,1.491127,1.731746,1.740960,1.700775,1.854754,1.904907,2.049882,2.300968,2.306186,2.311505,2.501349,2.474093,2.492246,2.824528,2.869114,2.831509,2.971645,3.222311,3.222709,3.222291,3.472279,3.464091,3.476797,3.507303,3.564784,3.800782,3.809360,3.789122,3.973419,4.315989,4.290602,4.340786,5.099408,5.083942,5.117054,5.187443,5.413236,5.381039,5.398021,6.862355,6.831693,6.744090,6.775993,7.041244,7.213171,7.226069,7.228454,8.466738,8.764733,8.853160,8.777857,9.223262,9.740248,10.012464,10.100659,10.057061,10.368656,10.693319,10.676295,10.719711,11.385705,11.473779,11.469196,11.478893,11.526333,13.466184,13.466709,13.469018,14.270314,14.276239,14.354576,14.312593,14.440502,15.375738,15.391885,15.340132,16.310924,16.526880,16.563871,16.558282,17.245972,17.312978,17.708927,17.739796,17.774734,18.163736,18.177884,18.212742,22.078715,23.518060,23.554228,23.548054
0.326276,0.901651,1.086842,1.219777,1.272971,1.303787,1.449751,1.479028,1.504218,1.740489,1.757801,1.677989,1.867172,1.900306,2.046758,2.296091,2.313671,2.322548,2.504881,2.459205,2.492640,2.819648,2.896847,2.825839,2.969594,3.218977,3.222744,3.215153,3.464432,3.457388,3.484669,3.514390,3.557621,3.799259,3.807321,3.780522,3.972691,4.305920,4.266861,4.359587,5.096702,5.065454,5.109362,5.191916,5.435531,5.375189,5.429420,6.894935,6.851493,6.665441,6.733945,7.055172,7.206122,7.240545,7.242783,8.459172,8.727671,8.919078,8.752816,9.227522,9.741705,9.974065,10.143091,10.056709,10.358719,10.695240,10.663329,10.739371,11.380590,11.470433,11.463287,11.467188,11.555183,13.466122,13.468063,13.471673,14.244285,14.243010,14.386910,14.321070,14.453244,15.382809,15.409997,15.301353,16.297895,16.512531,16.572307,16.562536,17.217428,17.306514,17.679492,17.740417,17.803684,18.146210,18.173849,18.250619,22.078603,23.494853,23.565753,23.554249
0.330472,0.902721,1.079583,1.186993,1.265834,1.307764,1.441148,1.491087,1.510506,1.749197,1.774022,1.657479,1.889843,1.896495,2.041939,2.289314,2.326377,2.337851,2.500932,2.446631,2.493048,2.824838,2.915468,2.823048,2.974338,3.213937,3.223336,3.202453,3.451534,3.450141,3.494702,3.522307,3.548290,3.796366,3.791955,3.774743,3.973898,4.289059,4.247411,4.372914,5.092690,5.046314,5.076640,5.214624,5.458182,5.374938,5.475650,6.904053,6.866173,6.577788,6.687107,7.072603,7.198971,7.267598,7.263749,8.448521,8.687811,8.994233,8.725359,9.235296,9.743775,9.941541,10.182488,10.054985,10.341112,10.700922,10.656807,10.753358,11.371703,11.467693,11.459636,11.452514,11.591842,13.466342,13.470473,13.474824,14.207300,14.213503,14.401492,14.332923,14.483906,15.392260,15.424923,15.256178,16.276809,16.507009,16.575422,16.562975,17.174146,17.292857,17.656395,17.743036,17.827805,18.130411,18.169965,18.294992,22.078491,23.472359,23.574991,23.559079
0.334668,0.905176,1.066231,1.152632,1.261869,1.302986,1.432991,1.505692,1.510374,1.753994,1.788085,1.640443,1.923084,1.898848,2.036122,2.279740,2.342419,2.356257,2.491783,2.437092,2.495116,2.838226,2.919790,2.823739,2.991501,3.207631,3.224163,3.185123,3.435513,3.440056,3.505979,3.528765,3.540118,3.792154,3.762939,3.770459,3.978617,4.267600,4.232149,4.379954,5.085962,5.026582,5.034874,5.244173,5.480729,5.381373,5.529258,6.890591,6.875346,6.486679,6.636845,7.089700,7.192171,7.306562,7.291410,8.436058,8.646025,9.076908,8.697712,9.247167,9.745814,9.914443,10.218523,10.051733,10.316688,10.709259,10.656042,10.761064,11.358928,11.465958,11.458215,11.437797,11.633831,13.466558,13.473272,13.478498,14.161850,14.188233,14.405818,14.346820,14.524261,15.403695,15.436505,15.206233,16.250641,16.508318,16.573594,16.560062,17.119838,17.270001,17.642230,17.747451,17.847480,18.116374,18.165636,18.343808,22.078435,23.451705,23.581671,23.562307
0.338865,0.908673,1.044379,1.118214,1.265834,1.289256,1.423418,1.520741,1.505786,1.751718,1.798567,1.627675,1.965707,1.911273,2.029859,2.266576,2.358818,2.375517,2.481675,2.431182,2.500838,2.857153,2.917292,2.828548,3.013994,3.200469,3.225320,3.164397,3.417359,3.425629,3.517413,3.532571,3.535545,3.786638,3.723370,3.765971,3.986669,4.243978,4.220051,4.380202,5.074785,5.006294,4.990708,5.275572,5.502640,5.395602,5.585848,6.859224,6.878805,6.397257,6.584573,7.100824,7.189132,7.353474,7.325668,8.422760,8.603258,9.165457,8.671626,9.263704,9.747116,9.891873,10.251530,10.046898,10.287214,10.718366,10.659867,10.762429,11.342101,11.465671,11.458849,11.424282,11.679569,13.466524,13.475630,13.482710,14.110046,14.167681,14.407503,14.362495,14.565864,15.416278,15.444754,15.153140,16.222842,16.513998,16.567388,16.554439,17.057913,17.237436,17.637826,17.753424,17.863619,18.104055,18.160441,18.394916,22.078476,23.433859,23.585618,23.563751
0.343061,0.911531,1.013660,1.086307,1.279623,1.266804,1.410887,1.534838,1.499068,1.744061,1.804849,1.619468,2.015413,1.932148,2.023403,2.249474,2.371017,2.393018,2.476602,2.429269,2.512089,2.879110,2.914803,2.837988,3.035121,3.192716,3.227364,3.141545,3.397956,3.407245,3.527729,3.533034,3.534838,3.779725,3.678141,3.759648,3.997031,4.220590,4.209848,4.373521,5.057595,4.985437,4.946323,5.307015,5.523383,5.418308,5.642664,6.814985,6.876391,6.314193,6.531781,7.097592,7.196938,7.404351,7.366313,8.409380,8.560468,9.258263,8.648101,9.285369,9.747078,9.872787,10.282209,10.040538,10.254829,10.725924,10.667158,10.757868,11.320842,11.467392,11.461244,11.412773,11.727292,13.466054,13.476707,13.487429,14.054391,14.152214,14.409101,14.379823,14.605199,15.428927,15.449856,15.098460,16.196273,16.522131,16.557479,16.546832,16.991384,17.196356,17.642166,17.760694,17.877305,18.093344,18.154093,18.446385,22.078636,23.419556,23.586759,23.563297
0.347257,0.909816,0.975920,1.061505,1.302115,1.235710,1.395013,1.547453,1.492168,1.735315,1.806907,1.615449,2.069513,1.956552,2.016752,2.228960,2.374489,2.407377,2.482431,2.431434,2.529229,2.902071,2.914908,2.852268,3.052284,3.184399,3.230991,3.117754,3.378370,3.386358,3.535155,3.529856,3.536878,3.771180,3.632734,3.750190,4.008747,4.199495,4.200573,4.360187,5.033594,4.963913,4.902583,5.337601,5.542517,5.449342,5.697930,6.761869,6.867929,6.241286,6.480018,7.077449,7.217675,7.456477,7.413003,8.396512,8.518569,9.353707,8.627358,9.312374,9.745308,9.856175,10.311177,10.032820,10.221801,10.729768,10.677091,10.748116,11.294560,11.471638,11.465010,11.403847,11.775096,13.465031,13.475852,13.492525,13.997793,14.141993,14.411525,14.398646,14.640240,15.440518,15.452174,15.043600,16.173025,16.531450,16.544571,16.537925,16.922945,17.148884,17.653291,17.768995,17.889534,18.084070,18.146414,18.496641,22.078917,23.409270,23.585130,23.560912
0.351454,0.897968,0.933819,1.049871,1.330503,1.195878,1.376931,1.559246,1.486463,1.728515,1.805000,1.614417,2.124090,1.980071,2.009750,2.207716,2.370334,2.419368,2.499277,2.437554,2.550307,2.924420,2.918303,2.871152,3.064946,3.175283,3.236436,3.094116,3.359900,3.364250,3.535643,3.523146,3.540466,3.760660,3.594546,3.736804,4.021052,4.182084,4.191811,4.340894,5.003080,4.941507,4.859972,5.366820,5.559786,5.487612,5.750598,6.702943,6.853257,6.181029,6.430813,7.044524,7.247465,7.508193,7.465182,8.384623,8.478370,9.450135,8.608996,9.344504,9.741653,9.841128,10.338487,10.024016,10.190529,10.728557,10.689156,10.734055,11.262642,11.478560,11.469703,11.397924,11.821132,13.463405,13.472786,13.497675,13.943501,14.136876,14.415162,14.418736,14.669329,15.450074,15.452231,14.989716,16.154516,16.541151,16.529340,16.528161,16.855130,17.097237,17.669219,17.778069,17.901070,18.076018,18.137309,18.544490,22.079300,23.403192,23.580881,23.556651
0.355650,0.874175,0.889854,1.053616,1.361156,1.147535,1.358768,1.571894,1.482830,1.724730,1.799566,1.614803,2.157276,1.999814,2.002191,2.207087,2.364144,2.430721,2.522621,2.447486,2.572398,2.944810,2.924595,2.893850,3.073935,3.165006,3.243052,3.071703,3.343877,3.341697,3.520759,3.513454,3.544760,3.747810,3.574998,3.719313,4.033175,4.168848,4.183800,4.316711,4.967387,4.917896,4.818959,5.394442,5.575199,5.531236,5.800215,6.640676,6.832311,6.134400,6.385545,7.002097,7.283819,7.558468,7.521998,8.374067,8.440520,9.545826,8.592246,9.380983,9.736194,9.826856,10.363126,10.014513,10.163638,10.722383,10.703077,10.716592,11.224689,11.487700,11.474852,11.395301,11.863796,13.461192,13.467696,13.502229,13.895065,14.136380,14.420151,14.439792,14.690938,15.456915,15.450677,14.937649,16.141570,16.550739,16.512382,16.517464,16.790563,17.043376,17.688347,17.787679,17.912398,18.068933,18.126755,18.589084,22.079751,23.401242,23.574267,23.550666
0.359846,0.842516,0.846088,1.068979,1.390007,1.091722,1.342636,1.585843,1.481742,1.723876,1.791237,1.616969,2.141256,2.014276,1.993931,2.254551,2.360405,2.442555,2.548755,2.461285,2.593323,2.962059,2.932602,2.918813,3.080737,3.153427,3.249593,3.051853,3.331205,3.319150,3.496418,3.501817,3.549206,3.732400,3.570711,3.698129,4.044132,4.159349,4.177449,4.288977,4.928490,4.892695,4.780159,5.420502,5.589062,5.577772,5.846787,6.577160,6.805217,6.101059,6.345278,6.952112,7.325910,7.606613,7.582247,8.365085,8.405488,9.638927,8.576222,9.420434,9.729190,9.812717,10.382487,10.004862,10.143980,10.713263,10.718707,10.696583,11.180696,11.497997,11.479994,11.396156,11.901855,13.458457,13.461197,13.505103,13.856275,14.139726,14.426440,14.461441,14.703696,15.460743,15.448217,14.887926,16.134478,16.559925,16.494185,16.504826,16.732338,16.988985,17.709494,17.797620,17.923730,18.062527,18.114791,18.629865,22.080227,23.403092,23.565638,23.543199
0.364042,0.807734,0.804155,1.091436,1.413430,1.030319,1.329999,1.593020,1.483337,1.725543,1.780896,1.629780,2.116962,2.023053,1.984993,2.308391,2.361537,2.454889,2.575513,2.479458,2.612260,2.975134,2.940741,2.942914,3.086556,3.141072,3.255110,3.037114,3.321797,3.296998,3.475659,3.489778,3.553321,3.714441,3.570292,3.674118,4.052764,4.152439,4.174162,4.259177,4.888495,4.865570,4.744368,5.445304,5.601923,5.624400,5.890632,6.514213,6.772360,6.079879,6.310613,6.896109,7.373409,7.652116,7.644369,8.357808,8.373587,9.727251,8.560097,9.461028,9.721023,9.798298,10.391990,9.995980,10.134434,10.705343,10.735934,10.674821,11.131145,11.508040,11.484708,11.400538,11.934505,13.455311,13.454165,13.504906,13.830859,14.145959,14.433758,14.483230,14.706561,15.461657,15.445513,14.840825,16.133068,16.568571,16.475099,16.487991,16.684311,16.935539,17.731803,17.807728,17.935042,18.056495,18.101527,18.666510,22.080685,23.408209,23.555431,23.534574
0.368239,0.772897,0.765298,1.118014,1.429625,0.965704,1.321624,1.587986,1.487435,1.729373,1.769729,1.658085,2.093362,2.026538,1.975654,2.357919,2.368471,2.466892,2.601481,2.503113,2.629519,2.983243,2.947567,2.959314,3.091825,3.129277,3.259641,3.033483,3.314362,3.275799,3.461398,3.479261,3.556342,3.694266,3.570980,3.648600,4.058276,4.146638,4.175196,4.228777,4.849220,4.836394,4.712509,5.469396,5.614420,5.668038,5.932230,6.453441,6.734403,6.069587,6.281620,6.835575,7.425931,7.694545,7.706463,8.352254,8.345060,9.807561,8.543187,9.500876,9.712146,9.783577,10.385962,9.989889,10.137415,10.703794,10.754601,10.652053,11.077033,11.516418,11.488646,11.408322,11.961378,13.451890,13.447512,13.500590,13.821675,14.154087,14.441505,14.504632,14.699090,15.460085,15.443061,14.796501,16.136832,16.576652,16.455331,16.464280,16.650267,16.884366,17.754633,17.817884,17.946134,18.050525,18.087146,18.698883,22.081084,23.415899,23.544140,23.525186
0.372435,0.739867,0.730406,1.146826,1.438875,0.900409,1.317715,1.576859,1.493511,1.735113,1.759214,1.693433,2.072099,2.025600,1.966498,2.399240,2.381050,2.477422,2.625538,2.533353,2.645939,2.986102,2.952188,2.961334,3.096494,3.119749,3.263861,3.046532,3.306957,3.256512,3.452171,3.472075,3.556344,3.672576,3.572918,3.624012,4.061061,4.140529,4.180690,4.199108,4.811991,4.805421,4.685487,5.493500,5.627060,5.705509,5.972101,6.396274,6.692276,6.069204,6.257894,6.772047,7.482793,7.733500,7.766277,8.348340,8.320243,9.872778,8.524959,9.538593,9.703043,9.769070,10.360756,9.992547,10.154224,10.711463,10.774431,10.629015,11.019936,11.522034,11.491564,11.419159,11.982499,13.448355,13.441985,13.492347,13.829679,14.163201,14.448514,14.525051,14.681831,15.456671,15.441110,14.755120,16.145069,16.584228,16.434943,16.433435,16.631101,16.836652,17.777468,17.828016,17.956699,18.044321,18.071916,18.726984,22.081398,23.425367,23.532304,23.515483
0.376631,0.709831,0.700055,1.176587,1.442162,0.836937,1.318001,1.562887,1.500700,1.742501,1.750983,1.729657,2.053715,2.021315,1.958479,2.430908,2.398290,2.485583,2.646740,2.569311,2.662206,2.984315,2.954398,2.954728,3.100601,3.113739,3.267987,3.068928,3.298132,3.240784,3.445729,3.468945,3.548496,3.650486,3.576444,3.605620,4.062722,4.133123,4.189442,4.171298,4.777653,4.773389,4.663990,5.518375,5.640016,5.733919,6.010714,6.344004,6.647140,6.078034,6.238714,6.707154,7.542923,7.768574,7.821110,8.345885,8.299826,9.908535,8.505018,9.573718,9.694201,9.755903,10.317230,10.017339,10.184601,10.725933,10.794967,10.606462,10.962356,11.524305,11.493363,11.432421,11.998223,13.444883,13.438037,13.481679,13.853782,14.172533,14.452511,14.543838,14.656934,15.452161,15.439655,14.716974,16.157026,16.591431,16.413892,16.398806,16.623670,16.793391,17.799839,17.838084,17.966393,18.037631,18.056206,18.750905,22.081615,23.435767,23.520475,23.505939
0.380827,0.683568,0.674552,1.206428,1.439857,0.777700,1.321765,1.548519,1.507886,1.751148,1.746538,1.761845,2.038256,2.014800,1.953029,2.454286,2.418601,2.491064,2.664408,2.607222,2.678393,2.979433,2.954574,2.946854,3.104372,3.111435,3.271307,3.090881,3.287888,3.231295,3.440832,3.468688,3.528691,3.629619,3.581240,3.598030,4.065019,4.124101,4.199684,4.146274,4.746676,4.741538,4.648329,5.544654,5.653040,5.751317,6.048411,6.297823,6.600372,6.095138,6.223250,6.642663,7.604852,7.799344,7.867650,8.344634,8.285153,9.916095,8.483082,9.606397,9.686082,9.746031,10.259302,10.062206,10.226812,10.739387,10.815512,10.585180,10.909248,11.523239,11.494116,11.447183,12.009167,13.441664,13.435776,13.470469,13.891771,14.181470,14.449091,14.560331,14.629133,15.447289,15.438520,14.682548,16.172004,16.598449,16.392095,16.364629,16.623594,16.755311,17.821249,17.848051,17.974903,18.030294,18.040516,18.770789,22.081735,23.446260,23.509194,23.497035
0.385024,0.661574,0.653998,1.235849,1.431534,0.725005,1.327879,1.536266,1.513973,1.760447,1.746845,1.785705,2.025443,2.007152,1.951943,2.471553,2.439970,2.494140,2.678326,2.642378,2.693904,2.973283,2.953472,2.940888,3.107890,3.112013,3.272822,3.106257,3.277673,3.231196,3.437458,3.468345,3.501878,3.612170,3.586371,3.597129,4.068891,4.113883,4.209818,4.124810,4.719296,4.711526,4.638399,5.572670,5.665499,5.757240,6.085304,6.258865,6.553594,6.118691,6.210720,6.580585,7.666793,7.825364,7.901969,8.344274,8.278333,9.913334,8.458987,9.635641,9.679100,9.743326,10.191483,10.108668,10.278249,10.736926,10.835104,10.565984,10.872170,11.519396,11.494097,11.462233,12.016146,13.438906,13.434996,13.460141,13.941210,14.189525,14.431303,14.573915,14.606082,15.442701,15.437490,14.652532,16.189407,16.605527,16.369514,16.333994,16.627381,16.722776,17.841089,17.857823,17.981991,18.022290,18.025514,18.786797,22.081777,23.456055,23.498968,23.489232
0.389220,0.644140,0.638363,1.264664,1.416922,0.681048,1.334923,1.527885,1.518246,1.769539,1.751988,1.798488,2.014722,1.999453,1.956371,2.484104,2.460169,2.495442,2.688842,2.670939,2.707700,2.967113,2.951924,2.938256,3.110943,3.113976,3.272220,3.113068,3.269685,3.240663,3.435879,3.464530,3.474528,3.600423,3.590847,3.598047,4.074143,4.103512,4.218649,4.107563,4.695614,4.685270,4.633788,5.602319,5.676523,5.752594,6.121035,6.228338,6.508859,6.145744,6.200361,6.523423,7.726760,7.846192,7.920279,8.344468,8.281559,9.908325,8.432727,9.656669,9.673594,9.755404,10.117950,10.148219,10.336136,10.704382,10.852523,10.549714,10.862440,11.513758,11.493787,11.476160,12.020099,13.436828,13.435257,13.451469,13.999734,14.196300,14.394099,14.584111,14.593786,15.438893,15.436435,14.627779,16.208758,16.612977,16.346232,16.308794,16.632582,16.695743,17.858531,17.867155,17.987519,18.013837,18.012120,18.799081,22.081765,23.464455,23.490244,23.482949
0.393416,0.631402,0.627554,1.292881,1.396935,0.647855,1.341375,1.523444,1.520589,1.777337,1.761095,1.800538,2.005300,1.992798,1.965295,2.492429,2.477066,2.495698,2.696617,2.690625,2.718616,2.961265,2.950563,2.939395,3.113221,3.115588,3.270259,3.114425,3.265884,3.254240,3.435811,3.455843,3.451649,3.595199,3.594073,3.598651,4.079647,4.094380,4.225378,4.095067,4.675670,4.664719,4.633977,5.632995,5.685198,5.739027,6.154207,6.207865,6.469158,6.172048,6.191081,6.474776,7.782680,7.861416,7.920684,8.344892,8.295407,9.903697,8.404532,9.665594,9.669792,9.788280,10.042495,10.177882,10.398035,10.651276,10.866384,10.537217,10.868311,11.507519,11.493823,11.487491,12.021998,13.435658,13.436006,13.444741,14.065001,14.201450,14.340092,14.590670,14.590768,15.436173,15.435385,14.609206,16.229671,16.621197,16.322473,16.290156,16.637478,16.673782,17.872411,17.875492,17.991442,18.005525,18.001588,18.807765,22.081729,23.470884,23.483392,23.478535
0.397612,0.623395,0.621483,1.320533,1.373282,0.627143,1.345878,1.521775,1.521420,1.782668,1.772601,1.794789,1.996224,1.988241,1.976077,2.496387,2.489064,2.495556,2.701960,2.701154,2.725628,2.955454,2.949705,2.943621,3.114563,3.115788,3.268297,3.114434,3.266368,3.264585,3.436383,3.444703,3.438117,3.594824,3.595923,3.598126,4.083848,4.087938,4.229547,4.087673,4.659480,4.651588,4.638509,5.663601,5.690745,5.718414,6.181226,6.198041,6.439512,6.191278,6.182799,6.440403,7.832443,7.870698,7.904239,8.345269,8.317842,9.900567,8.375019,9.667289,9.667746,9.838153,9.968602,10.196221,10.462013,10.590341,10.875340,10.529296,10.875522,11.501821,11.494883,11.494911,12.022719,13.435634,13.436711,13.439961,14.134572,14.204682,14.275574,14.593689,14.592019,15.434633,15.434530,14.597656,16.251822,16.630693,16.298571,16.278741,16.640887,16.656183,17.881311,17.881755,17.993772,17.998507,17.995399,18.812940,22.081695,23.474916,23.478685,23.476259
0.401809,0.620097,0.620097,1.347491,1.347491,0.620097,1.347491,1.521493,1.521493,1.784572,1.784572,1.784572,1.986613,1.986613,1.986613,2.495457,2.495457,2.495457,2.704123,2.704123,2.728046,2.949422,2.949422,2.949422,3.114994,3.114994,3.267497,3.114994,3.267795,3.267795,3.436696,3.436696,3.436696,3.596513,3.596513,3.596513,4.085422,4.085422,4.230953,4.085422,4.647068,4.647068,4.647068,5.692653,5.692653,5.692653,6.195416,6.195416,6.427789,6.195416,6.179343,6.427789,7.873818,7.873818,7.873818,8.345417,8.345417,9.899468,8.345417,9.667205,9.667205,9.899468,9.899468,10.202428,10.526575,10.526575,10.878417,10.526575,10.878417,11.497495,11.497495,11.497495,12.022884,13.436992,13.436992,13.436992,14.205785,14.205785,14.205785,14.593733,14.593733,15.434171,15.434171,14.593733,16.274899,16.642102,16.274899,16.274899,16.642102,16.642102,17.884261,17.884261,17.994544,17.994544,17.994544,18.814659,22.081681,23.476289,23.476289,23.476289
